,smiles,Anti_Aging_Status,AIC_Prediction_Status,CS_Prediction_Status,DNS_Prediction_Status,EA_Prediction_Status,GI_Prediction_Status,LP_Prediction_Status,MD_Prediction_Status,SCE_Prediction_Status,TA_Prediction_Status
0,CN(C(=N)N=C(N)N)C,1,0,0,0,0,0,1,0,1,1
1,CN(CN)C(=N)N=C(N)N,1,0,0,0,0,0,1,0,1,1
2,C=NC(N)=NC(=N)N(C)C,1,0,0,0,0,0,1,0,0,1
3,CN(C=N)C(=N)N=C(N)N,1,0,0,0,0,0,1,0,1,1
4,CN(C=O)C(=N)N=C(N)N,1,0,0,0,0,0,1,0,1,1
5,CCN(C)C(=N)N=C(N)N,1,0,0,0,0,0,1,0,1,1
6,CN(C)C(N=C(N)N)=NO,1,0,0,0,0,0,1,0,0,1
7,CN(C)C(=N)N=C(N)NN,1,0,0,0,0,0,1,0,0,1
8,CN(C)C(=N)N=C(N)NO,1,0,0,0,0,0,1,0,0,1
9,CN(C)C(=N)N=C(N)N=N,1,0,0,0,0,0,1,0,0,1
10,CN(C)C(=N)N=C(N)N=O,1,0,0,0,0,0,1,0,0,1
11,CN(CO)C(=N)N=C(N)N,1,0,0,0,0,0,1,0,1,1
12,CN(C)C(N=C(N)N)=NN,0,0,0,0,0,0,1,0,0,1
13,C=CN(C)C(=N)N=C(N)N,0,0,0,0,0,0,1,0,1,1
14,CNC(N)=NC(=N)N(C)C,0,0,0,0,0,0,1,0,0,1
15,CN=C(N=C(N)N)N(C)C,0,0,0,0,0,0,1,0,1,1
16,C=NC(N)=NC(=N)N(C)C=N,1,0,0,0,0,0,1,0,0,1
17,CN(CN)C(=N)N=C(N)NN,1,0,0,0,0,0,1,0,1,1
18,CN(C(=N)N=C(N)N)C(O)O,1,0,0,0,0,0,1,0,1,1
19,CN(CN)C(N=C(N)N)=NN,1,0,0,0,0,0,1,0,0,1
20,CN(CCN)C(=N)N=C(N)N,1,0,0,0,0,0,1,0,1,1
21,N=C(N=C(N)N)N(C=O)CO,1,0,0,0,0,0,1,0,1,1
22,CCN(C=O)C(=N)N=C(N)N,1,0,0,0,0,0,1,0,0,1
23,C=NC(N)=NC(=N)N(C)CN,1,0,0,0,0,0,1,0,0,1
24,N=C(N=C(N)N)N(C=O)CN,1,0,0,0,0,0,1,0,0,1
25,CN(CN)C(=N)N=C(N)NO,1,0,0,0,0,0,1,0,1,1
26,CC(O)N(C)C(=N)N=C(N)N,1,0,0,0,0,0,1,0,1,1
27,CN(C=N)C(=N)N=C(N)NO,1,0,0,0,0,0,1,0,0,1
28,CN(CN=N)C(=N)N=C(N)N,1,0,0,0,0,0,1,0,1,1
29,CC(=N)N(C)C(=N)N=C(N)N,1,0,0,0,0,0,1,0,1,1
30,CNCN(C)C(=N)N=C(N)N,1,0,0,0,0,0,1,0,1,1
31,C=NC(=NC(=N)N(C)C)NO,1,0,0,0,0,0,1,1,0,1
32,C=C(C)N(C)C(=N)N=C(N)N,1,0,0,0,0,0,1,0,0,1
33,C=NC(N)=NC(=N)N(C)C=O,1,0,0,0,0,0,1,0,0,1
34,CN(C=N)C(=N)N=C(N)N=N,1,0,0,0,0,0,1,1,0,1
35,CN(CNN)C(=N)N=C(N)N,1,0,0,0,0,0,1,0,1,1
36,CN(CN=O)C(=N)N=C(N)N,1,0,0,0,0,0,1,0,1,1
37,CN=C(N=C(N)N)N(C)C=O,1,0,0,0,0,0,1,0,1,1
38,CN(C)C(N=C(N)N=O)=NO,1,0,0,0,0,0,1,0,0,1
39,C=NNC(N)=NC(=N)N(C)C,1,0,0,0,0,0,1,0,0,1
40,CN(CCO)C(=N)N=C(N)N,1,0,0,0,0,0,1,0,1,1
41,CN(C(=N)N=C(N)N)C(N)N,1,0,0,0,0,0,1,0,1,1
42,C=CN(CC)C(=N)N=C(N)N,1,0,0,0,0,0,1,0,0,1
43,CN(CN)C(=N)N=C(N)N=O,1,0,0,0,0,0,1,0,0,1
44,C=CN=C(N=C(N)N)N(C)C,1,0,0,0,0,0,1,0,1,1
45,C=C(N)N(C)C(=N)N=C(N)N,1,0,0,0,0,0,1,0,0,1
46,C=NC(N=N)=NC(=N)N(C)C,1,0,0,0,0,0,1,0,0,1
47,C=C(O)N(C)C(=N)N=C(N)N,1,0,0,0,0,0,1,0,1,1
48,COCN(C)C(=N)N=C(N)N,1,0,0,0,0,0,1,0,0,1
49,CN(C)C(=N)N=C(N=N)NO,1,0,0,0,0,0,1,0,0,1
50,CC(C)N(C)C(=N)N=C(N)N,1,0,0,0,0,0,1,0,0,1
51,CN(C=C=O)C(=N)N=C(N)N,1,0,0,0,0,0,1,0,1,1
52,CN(C)C(=N)N=C(N)NCN,1,0,0,0,0,0,1,0,0,1
53,CN(CO)C(=N)N=C(N)NN,1,0,0,0,0,0,1,0,1,1
54,CN(C=N)C(=N)N=C(N)NN,1,0,0,0,0,0,1,0,0,1
55,CN(C)C(=N)N=C(N=N)NN,1,0,0,0,0,0,1,0,0,1
56,CN(CO)C(=N)N=C(N)N=O,1,0,0,0,0,0,1,0,0,1
57,CN(C=O)C(=N)N=C(N)N=N,1,0,0,0,0,0,1,0,0,1
58,C=CN(C)C(=N)N=C(N)N=C,1,0,0,0,0,0,1,0,0,1
59,CCN(C)C(N=C(N)N)=NN,1,0,0,0,0,0,1,0,1,1
60,CN(C)C(N=C(N)N=N)=NO,1,0,0,0,0,0,1,0,0,1
61,CN=C(N=C(N)N=N)N(C)C,1,0,0,0,0,0,1,0,0,1
62,C=C=CN(C)C(=N)N=C(N)N,1,0,0,0,0,0,1,0,1,1
63,CN(C)C(N=C(N)N=O)=NN,1,0,0,0,0,0,1,0,1,1
64,CNNC(N)=NC(=N)N(C)C,1,0,0,0,0,0,1,0,1,1
65,CNC(N=O)=NC(=N)N(C)C,1,0,0,0,0,0,1,0,1,1
66,C=NCN(C)C(=N)N=C(N)N,1,0,0,0,0,0,1,0,1,1
67,CCN(C=N)C(=N)N=C(N)N,1,0,0,0,0,0,1,0,0,1
68,C=CNC(N)=NC(=N)N(C)C,1,0,0,0,0,0,1,0,1,1
69,CCN(C)C(=N)N=C(N)N=O,1,0,0,0,0,0,1,0,0,1
70,C=NN=C(N=C(N)N)N(C)C,1,0,0,0,0,0,1,0,0,1
71,C=CN(C)C(N=C(N)N)=NN,1,1,0,0,0,0,1,0,0,1
72,CNC(N)=NC(=N)N(C)C=N,1,0,0,0,0,0,1,0,0,1
73,C=NC(=NC(=N)N(C)C)NN,1,0,0,0,0,0,1,0,0,1
74,CN(C=NN)C(=N)N=C(N)N,1,0,0,0,0,0,1,0,0,1
75,C=CN(CO)C(=N)N=C(N)N,1,0,0,0,0,0,1,0,0,1
76,CN(C=O)C(=N)N=C(N)NO,1,0,0,0,0,0,1,0,0,1
77,CC(N)N(C)C(=N)N=C(N)N,1,0,0,0,0,0,1,0,1,1
78,C=CN(C=C)C(=N)N=C(N)N,1,0,0,0,0,0,1,0,0,1
79,CN=C(N=C(N)NO)N(C)C,1,0,0,0,0,0,1,0,1,1
80,CN(C)C(=N)N=C(NO)NO,1,0,0,0,0,0,1,1,0,1
81,CN(C=N)C(=N)N=C(N)N=O,1,0,0,0,0,0,1,0,0,1
82,CN(C)C(=N)N=C(N)NNN,1,0,0,0,0,0,1,0,1,1
83,CN=CN(C)C(=N)N=C(N)N,1,0,0,0,0,0,1,0,1,1
84,C=CN(C)C(=N)N=C(N)N=N,1,0,0,0,0,0,1,0,0,1
85,CN(CNO)C(=N)N=C(N)N,1,0,0,0,0,0,1,0,1,1
86,C=NC(N)=NC(=NC)N(C)C,1,0,0,0,0,0,1,0,1,1
87,CN(CN)C(=N)N=C(N)N=N,1,0,0,0,0,0,1,0,1,1
88,CN(C=CN)C(=N)N=C(N)N,1,0,0,0,0,0,1,0,0,1
89,CCN(C)C(=N)N=C(N)NN,1,0,0,0,0,0,1,0,0,1
90,CN(C)C(N=C(N)N)=NCO,1,0,0,0,0,0,1,0,1,1
91,CN(C)C(N=C(N)NN)=NO,1,0,0,0,0,0,1,1,0,1
92,C=CN(C)C(N=C(N)N)=NC,1,0,0,0,0,0,1,0,0,1
93,C=CCN(C)C(=N)N=C(N)N,1,0,0,0,0,0,1,0,1,1
94,CN(C)C(=N)N=C(N)N(O)O,1,0,0,0,0,0,1,0,0,1
95,CN(CO)C(N=C(N)N)=NN,1,0,0,0,0,0,1,0,1,1
96,CN(C)C(=N)N=C(N=N)N=N,1,0,0,0,0,0,1,0,0,1
97,CCCN(C)C(=N)N=C(N)N,1,0,0,0,0,0,1,0,1,1
98,CN=C(N=C(N)N)N(C)C=N,1,0,0,0,0,0,1,0,1,1
99,CN(C)C(=N)N=C(N)N=NO,1,0,0,0,0,0,1,0,0,1
100,CN(C)C(=N)N=C(N)NN=O,1,0,0,0,0,0,1,0,0,1
101,CN(C)C(=N)N=C(N)NOO,1,0,0,0,0,0,1,0,1,1
102,CNC(N=N)=NC(=N)N(C)C,1,0,0,0,0,0,1,0,0,1
103,CN(CO)C(=N)N=C(N)NO,1,0,0,0,0,0,1,0,1,1
104,CNC(N)=NC(=N)N(C)CN,1,0,0,0,0,0,1,0,1,1
105,CN(C=C=N)C(=N)N=C(N)N,1,0,0,0,0,0,1,0,1,1
106,CN(C(=N)N=C(N)N)C(=O)O,1,0,0,0,0,0,1,0,1,1
107,CN(C)C(N=C(N)NN)=NN,1,0,0,0,0,0,1,0,0,1
108,C=CN(C=O)C(=N)N=C(N)N,1,0,0,0,0,0,1,0,0,1
109,CNN=C(N=C(N)N)N(C)C,1,0,0,0,0,0,1,0,1,1
110,CN=C(N=C(N)N=O)N(C)C,1,0,0,0,0,0,1,0,0,1
111,C=NC(N)=NC(=N)N(C)CO,1,0,0,0,0,0,1,0,1,1
112,C=NC(=NC(=N)N(C)C)NC,1,0,0,0,0,0,1,0,0,1
113,CN(C=O)C(=N)N=C(N)NN,1,0,0,0,0,0,1,0,1,1
114,CC(=O)N(C)C(=N)N=C(N)N,1,0,0,0,0,0,1,0,1,1
115,C=C=NC(N)=NC(=N)N(C)C,1,0,0,0,0,0,1,0,0,1
116,CN(C)C(=N)N=C(N)N=C=O,1,0,0,0,0,0,1,0,0,1
117,CN(C=O)C(N=C(N)N)=NN,1,0,0,0,0,0,1,0,0,1
118,CN(C)C(=N)N=C(N)NC=N,1,0,0,0,0,0,1,0,0,1
119,CN(C)C(=N)N=C(N)N=CN,1,0,0,0,0,0,1,0,0,1
120,C=CN(C)C(=N)N=C(N)NN,1,0,0,0,0,0,1,0,0,1
121,CNC(N)=NC(=N)N(C)C=O,1,0,0,0,0,0,1,0,0,1
122,N=CN(CN)C(=N)N=C(N)N,1,0,0,0,0,0,1,0,1,1
123,CN(C)C(=N)N=C(N)N=NN,1,0,0,0,0,0,1,0,0,1
124,CN(C)C(=N)N=C(N)NN=N,1,0,0,0,0,0,1,0,0,1
125,CN(C=NO)C(=N)N=C(N)N,1,0,0,0,0,0,1,0,0,1
126,CN(C)C(N=C(N)N)=NOO,1,0,0,0,0,0,1,0,1,1
127,C=NC(N=O)=NC(=N)N(C)C,1,0,0,0,0,0,1,0,0,1
128,C=NC(N)=NC(=NO)N(C)C,1,0,0,0,0,0,1,0,0,1
129,C=CN(C)C(=N)N=C(N)N=O,1,0,0,0,0,0,1,0,0,1
130,CN(C)C(N=C(N)N)=NN=O,1,0,0,0,0,0,1,0,0,1
131,CN(C(=N)N=C(N)N)C(N)O,1,0,0,0,0,0,1,0,1,1
132,CN(C)C(N=C(N)N)=NC=N,1,0,0,0,0,0,1,0,1,1
133,CN(COO)C(=N)N=C(N)N,1,0,0,0,0,0,1,0,1,1
134,N=CN(CO)C(=N)N=C(N)N,0,0,0,0,0,0,1,0,0,1
135,CCNC(N)=NC(=N)N(C)C,0,0,0,0,0,0,1,0,1,1
136,C=CN(C=N)C(=N)N=C(N)N,0,0,0,0,0,0,1,0,1,1
137,C=NC(N=C)=NC(=N)N(C)C,0,0,0,0,0,0,1,0,0,1
138,N=C(N=C(N)N)N(C=O)C=O,0,0,0,0,0,0,1,0,0,1
139,CCN(CC)C(=N)N=C(N)N,0,0,0,0,0,0,1,0,1,1
140,CC=CN(C)C(=N)N=C(N)N,0,0,0,0,0,0,1,0,0,1
141,CN(C=N)C(N=C(N)N)=NN,0,0,0,0,0,0,1,0,0,1
142,CN(CC=O)C(=N)N=C(N)N,0,0,0,0,0,0,1,0,0,1
143,CN(C)C(=N)N=C(N=N)N=O,0,0,0,0,0,0,1,0,0,1
144,CN(C)C(=N)N=C(N)NNO,0,0,0,0,0,0,1,0,1,1
145,CN(C=O)C(=N)N=C(N)N=O,0,0,0,0,0,0,1,0,0,1
146,CN(CO)C(=N)N=C(N)N=N,0,0,0,0,0,0,1,0,1,1
147,CCN(C)C(=N)N=C(N)NC,0,0,0,0,0,0,1,0,0,1
148,CN(C=CO)C(=N)N=C(N)N,0,0,0,0,0,0,1,0,1,1
149,C=NC(N)=NC(=NN)N(C)C,0,0,0,0,0,0,1,0,0,1
150,CCN(C)C(=N)N=C(N)N=N,0,0,0,0,0,0,1,0,0,1
151,CN(C)C(=N)N=C(N)NCO,0,0,0,0,0,0,1,0,1,1
152,CN(C)C(=N)N=C(N)N=C=N,0,0,0,0,0,0,1,0,0,1
153,CN(C)C(N=C(N)N=N)=NN,0,0,0,0,0,0,1,0,0,1
154,CN(C)C(N=C(N)N)=NNN,0,0,0,0,0,0,1,0,1,1
155,N=C(N=C(N)N)N(CN)CO,0,0,0,0,0,0,1,0,1,1
156,CN(C)C(=N)N=C(NN)NO,0,0,0,0,0,0,1,0,0,1
157,CN(C(=N)N=C(N)N)C(N)=O,0,0,0,0,0,0,1,0,1,1
158,CN(C(=N)O)C(=N)N=C(N)N,0,0,0,0,0,0,1,0,1,1
159,CN(C)C(=N)N=C(N=O)NO,0,0,0,0,0,0,1,0,0,1
160,CNC(=NC(=N)N(C)C)NO,0,0,0,0,0,0,1,0,0,1
161,CN(C)C(=N)N=C(N)N(C)O,0,0,0,0,0,0,1,0,0,1
162,CCN(CN)C(=N)N=C(N)N,0,0,0,0,0,0,1,0,1,1
163,CN=C(N=C(N)N)N(C)CN,0,0,0,0,0,0,1,0,1,1
164,CN(C)C(N=C(N)N)=NON,0,0,0,0,0,0,1,0,0,1
165,CCN(C)C(N=C(N)N)=NO,0,0,0,0,0,0,1,0,0,1
166,CNC(=NC(=N)N(C)C)NN,0,0,0,0,0,0,1,0,1,1
167,CN(C(=N)N)C(=N)N=C(N)N,0,0,0,0,0,0,1,0,1,1
168,CN(C)C(=N)N=C(N=O)NN,0,0,0,0,0,0,1,0,0,1
169,CCN=C(N=C(N)N)N(C)C,0,0,0,0,0,0,1,0,1,1
170,CONC(N)=NC(=N)N(C)C,0,0,0,0,0,0,1,0,1,1
171,CN(CC=N)C(=N)N=C(N)N,0,0,0,0,0,0,1,0,1,1
172,CON=C(N=C(N)N)N(C)C,0,0,0,0,0,0,1,0,1,1
173,C=CN(C)C(=N)N=C(N)NC,0,0,0,0,0,0,1,0,0,1
174,CN(C)C(=N)N=C(N=O)N=O,0,0,0,0,0,0,1,0,0,1
175,CNC(=NC(=N)N(C)C)NC,0,0,0,0,0,0,1,0,1,1
176,CCN(C)C(N=C(N)N)=NC,0,0,0,0,0,0,1,0,0,1
177,CN=C(N=C(N)N)N(C)CO,0,0,0,0,0,0,1,0,1,1
178,C=NC(N)=NC(=N)N(C)CC,0,0,0,0,0,0,1,0,0,1
179,CN(C)C(N=C(N)N)=NN=N,0,0,0,0,0,0,1,0,1,1
180,CC=NC(N)=NC(=N)N(C)C,0,0,0,0,0,0,1,0,0,1
181,CNC(N)=NC(=N)N(C)CO,0,0,0,0,0,0,1,0,1,1
182,CCN(C)C(=N)N=C(N)NO,0,0,0,0,0,0,1,0,0,1
183,C=CN(CN)C(=N)N=C(N)N,0,0,0,0,0,0,1,0,0,1
184,CN(C)C(N=C(N)N)=NC=O,0,0,0,0,0,0,1,0,1,1
185,C=CN(C)C(N=C(N)N)=NO,0,0,0,0,0,0,1,0,0,1
186,N=CN(C=N)C(=N)N=C(N)N,0,0,0,0,0,0,1,0,1,1
187,CN(C=O)C(N=C(N)N)=NO,0,0,0,0,0,0,1,0,0,1
188,CN=C(N=C(N)NN)N(C)C,0,0,0,0,0,0,1,0,1,1
189,CNC(N)=NC(=NO)N(C)C,0,0,0,0,0,0,1,0,0,1
190,N=C(N=C(N)N)N(CO)CO,0,0,0,0,0,0,1,0,1,1
191,N=C(N=C(N)N)N(CN)CN,0,0,0,0,0,0,1,0,1,1
192,CN(C)C(=N)N=C(N)N=CO,0,0,0,0,0,0,1,0,0,1
193,CN(C)C(=N)N=C(N)NC=O,0,0,0,0,0,0,1,0,0,1
194,CN(CN)C(N=C(N)N)=NO,0,0,0,0,0,0,1,0,1,1
195,CN(C)C(=N)N=C(NN)NN,0,0,0,0,0,0,1,0,0,1
196,CCN(CO)C(=N)N=C(N)N,0,0,0,0,0,0,1,0,1,1
197,CN=C(N=C(N)NC)N(C)C,0,0,0,0,0,0,1,0,1,1
198,C=CN(C)C(=N)N=C(N)NO,0,0,0,0,0,0,1,0,0,1
199,CN(C)C(=N)N=C(N)NON,0,0,0,0,0,0,1,0,1,1
200,CN(CON)C(=N)N=C(N)N,0,0,0,0,0,0,1,0,1,1
201,CN(C)C(N=C(N)NO)=NN,0,0,0,0,0,0,1,0,0,1
202,CN(CO)C(N=C(N)N)=NO,0,0,0,0,0,0,1,0,0,1
203,CN(C)C(N=C(N)N)=NNO,0,0,0,0,0,0,1,0,0,1
204,CN=NC(N)=NC(=N)N(C)C,0,0,0,0,0,0,1,0,0,1
205,N=CN(C=O)C(=N)N=C(N)N,0,0,0,0,0,0,1,0,1,1
206,CN(C)C(N=C(N)NO)=NO,0,0,0,0,0,0,1,0,0,1
207,CN(C)C(=N)N=C(N)N(N)O,0,0,0,0,0,0,1,0,0,1
208,CN(C)C(N=C(N)N)=NCN,0,0,0,0,0,0,1,0,1,1
209,CN(C)C(=N)N=C(N)N(C)C,0,0,0,0,0,0,1,0,1,1
210,CNC(N)=NC(=NN)N(C)C,0,0,0,0,0,0,1,0,0,1
211,CN(C)C(=N)N=C(N)N(N)N,0,0,0,0,0,0,1,0,0,1
212,CN(C)C(=N)N=C(N)N(C)N,0,0,0,0,0,0,1,0,0,1
213,CN(C=N)C(N=C(N)N)=NO,0,0,0,0,0,0,1,0,0,1
214,CN=C(N=C(N)N)N(C=O)CN,1,0,0,0,0,0,1,0,1,1
215,CN(CCN)C(N=C(N)N)=NN,1,0,0,0,0,0,1,0,1,1
216,N=C(N=C(N)N)N(C=O)CCN,1,0,0,0,0,0,1,0,1,1
217,C=NNC(N=C)=NC(=N)N(C)C,1,0,0,0,0,0,1,0,0,1
218,C=NC(N)=NC(=NC)N(C)C=N,1,0,0,0,0,0,1,0,0,1
219,CN(CN)C(=N)N=C(N)NN=O,1,0,0,0,0,0,1,0,0,1
220,N=NCN(C=O)C(=N)N=C(N)N,1,0,0,0,0,0,1,0,1,1
221,C=C(C)N(C)C(=N)N=C(N)N=O,1,0,0,0,0,0,1,0,0,1
222,N=C(N=C(N)NN)N(C=O)CO,1,0,0,0,0,0,1,0,1,1
223,C=CN=C(N=C(N)N=O)N(C)C,1,0,0,0,0,0,1,1,0,1
224,NN=C(N=C(N)N)N(C=O)CO,1,0,0,0,0,0,1,0,1,1
225,CN(CN)C(=N)N=C(N)NNN,1,0,0,0,0,0,1,0,1,1
226,CN(CN)C(=N)N=C(N)NN=N,1,0,0,0,0,0,1,0,1,1
227,CN=C(N=C(N)N)N(C=O)CO,1,0,0,0,0,0,1,0,1,1
228,NCN(C=O)C(N=C(N)N)=NN,1,0,0,0,0,0,1,0,0,1
229,CNC(N)=NC(=N)N(C)CCN,1,0,0,0,0,0,1,0,1,1
230,CN=C(N=C(N)N=N)N(C)C=N,1,0,0,0,0,0,1,1,0,1
231,C=C(C)N=C(N=C(N)N)N(C)C,1,0,0,0,0,0,1,0,0,1
232,C=NC(N=N)=NC(=N)N(C)CN,1,0,0,0,0,0,1,0,0,1
233,N=C(N=C(N)N)N(C=C=O)CO,1,0,0,0,0,0,1,0,0,1
234,NCN(CN)C(N=C(N)N)=NN,1,0,0,0,0,0,1,0,1,1
235,C=NC(N)=NC(=N)N(C)C=C=O,1,0,0,0,0,0,1,0,0,1
236,CN=C(N=C(N=O)NC)N(C)C,1,0,0,0,0,0,1,0,0,1
237,CN(C(=N)N=C(N)NN)C(N)N,1,0,0,0,0,0,1,0,0,1
238,CN(CCN)C(=N)N=C(N)NN,1,0,0,0,0,0,1,0,1,1
239,C=NC(N)=NC(=NC)N(C)C=O,1,0,0,0,0,0,1,0,0,1
240,N=C(N=C(N)NN)N(C=O)CN,1,0,0,0,0,0,1,0,1,1
241,CN(CNO)C(=N)N=C(N)NN,1,0,0,0,0,0,1,0,0,1
242,CNNC(N)=NC(=N)N(C)CN,1,0,0,0,0,0,1,0,1,1
243,C=NC(=NC(=N)N(C)C=O)NO,1,0,0,0,0,0,1,0,0,1
244,C=CNC(N=O)=NC(=N)N(C)C,1,0,0,0,0,0,1,0,0,1
245,C=NC(=NC(=N)N(C)C)N(C)O,1,0,0,0,0,0,1,0,0,1
246,C=NC(N=N)=NC(=N)N(C)C=O,1,0,0,0,0,0,1,0,0,1
247,CN(C(=N)N=C(N)N)C(N)CN,1,0,0,0,0,0,1,0,1,1
248,COCN(C=O)C(=N)N=C(N)N,1,0,0,0,0,0,1,0,0,1
249,C=NCN(C)C(=N)N=C(N)NN,1,0,0,0,0,0,1,0,1,1
250,CN(CNO)C(N=C(N)N)=NN,1,1,0,0,0,0,1,0,0,1
251,N=C(N=C(N)N)N(C=O)CON,1,0,0,0,0,0,1,0,1,1
252,C=NNC(N=O)=NC(=N)N(C)C,1,0,0,0,0,0,1,0,0,1
253,C=NC(=NC(=N)N(C)C=N)NO,1,0,0,0,0,0,1,1,0,1
254,CN(C)C(=N)N=C(N=O)NCO,1,0,0,0,0,0,1,0,1,1
255,CN(C=N)C(=N)N=C(N=O)NO,1,0,0,0,0,0,1,1,0,1
256,C=NC(=NC(=N)N(C)CC)NO,1,0,0,0,0,0,1,0,0,1
257,C=NC(=NC(=N)N(C)C=N)NC,1,0,0,0,0,0,1,0,0,1
258,C=C(C)N(C)C(=N)N=C(N)NC,1,0,0,0,0,0,1,0,0,1
259,CN=C(N=C(N)N)N(C)CCN,1,0,0,0,0,0,1,0,1,1
260,C=CN=C(N=C(N)NO)N(C)C,1,0,0,0,0,0,1,0,0,1
261,N=C(N=C(N)N=O)N(C=O)CO,1,0,0,0,0,0,1,0,0,1
262,CN(C)C(=N)N=C(N=O)N(C)O,1,0,0,0,0,0,1,0,0,1
263,CN(CNN)C(=N)N=C(N)NN,1,0,0,0,0,0,1,0,1,1
264,C=NNC(N)=NC(=N)N(C)CN,1,0,0,0,0,0,1,0,1,1
265,CN(CN)C(=N)N=C(N)NNO,1,0,0,0,0,0,1,0,1,1
266,C=CN(C(=C)C)C(=N)N=C(N)N,1,0,0,0,0,0,1,0,0,1
267,CNCN(C)C(=N)N=C(N)NN,1,0,0,0,0,0,1,0,0,1
268,CN(C(N)=O)C(N=C(N)N)=NN,1,0,0,0,0,0,1,0,1,1
269,C=CN(C)C(=N)N=C(N=C)N=N,1,0,0,0,0,0,1,0,0,1
270,CN(CN=N)C(=N)N=C(N)NN,1,0,0,0,0,0,1,0,1,1
271,C=NNC(N=N)=NC(=N)N(C)C,1,0,0,0,0,0,1,0,0,1
272,C=NNC(N)=NC(=NC)N(C)C,1,0,0,0,0,0,1,0,1,1
273,CNC(N)N(C)C(=N)N=C(N)N,1,0,0,0,0,0,1,0,1,1
274,CN(CC(N)N)C(=N)N=C(N)N,1,0,0,0,0,0,1,0,1,1
275,CN(CN=O)C(=N)N=C(N)NN,1,0,0,0,0,0,1,0,0,1
276,CN(C=N)C(=N)N=C(NO)NO,1,0,0,0,0,0,1,1,0,1
277,CN=C(N=C(N)NN)N(C)C=O,1,0,0,0,0,0,1,0,1,1
278,CNC(N)=NC(=N)N(C=O)CO,1,0,0,0,0,0,1,0,1,1
279,C=C(C)N(C)C(=N)N=C(N)NN,1,0,0,0,0,0,1,0,0,1
280,N=C(N=C(N)NN)N(CN)CN,1,0,0,0,0,0,1,0,1,1
281,C=CN=C(N=C(N)N=C)N(C)C,1,0,0,0,0,0,1,0,0,1
282,C=NNC(N)=NC(=N)N(C)C=N,1,0,0,0,0,0,1,0,0,1
283,CCN(C=C=O)C(=N)N=C(N)N,1,0,0,0,0,0,1,0,0,1
284,CN(O)C(N)=NC(=N)N(C)C=N,1,0,0,0,0,0,1,0,0,1
285,CN(CNCO)C(=N)N=C(N)N,1,0,0,0,0,0,1,0,1,1
286,N=C(N=C(N)N)N(C=C=O)CN,1,0,0,0,0,0,1,0,1,1
287,C=CN=C(N=C(N)N)N(C)CN,1,0,0,0,0,0,1,0,0,1
288,C=C=NNC(N)=NC(=N)N(C)C,1,0,0,0,0,0,1,0,0,1
289,CN=C(N=C(N)NO)N(C)C=O,1,0,0,0,0,0,1,0,1,1
290,C=CN(C)C(N=C(N)N=O)=NO,1,0,0,0,0,0,1,1,0,1
291,N=CN(CN)C(N=C(N)N)=NN,1,0,0,0,0,0,1,0,0,1
292,CN(CN)C(N=C(N)N=O)=NN,1,0,0,0,0,0,1,0,1,1
293,C=CNCN(C)C(=N)N=C(N)N,1,0,0,0,0,0,1,0,1,1
294,C=C(O)N(C=O)C(=N)N=C(N)N,1,0,0,0,0,0,1,0,1,1
295,CN=C(N=C(N)N=N)N(C)C=O,1,0,0,0,0,0,1,0,0,1
296,C=C(C)N(C=O)C(=N)N=C(N)N,1,0,0,0,0,0,1,0,0,1
297,CN(CN=N)C(N=C(N)N)=NN,1,0,0,0,0,0,1,0,0,1
298,CN(C=C=O)C(N=C(N)N)=NN,1,0,0,0,0,0,1,0,0,1
299,C=C(CO)N(C)C(=N)N=C(N)N,1,0,0,0,0,0,1,0,1,1
300,N=C(N=C(N)N)N(C=O)COO,1,0,0,0,0,0,1,0,0,1
301,C=NC(=NC(=N)N(C)C)NOO,1,0,0,0,0,0,1,0,1,1
302,CN(C(=N)N=C(N)N)C(O)CN,1,0,0,0,0,0,1,0,1,1
303,CN(CN=O)C(N=C(N)N)=NN,1,0,0,0,0,0,1,0,1,1
304,CN(C=O)C(N=C(N)N)=NCO,1,0,0,0,0,0,1,0,1,1
305,C=NC(N)=NC(=N)N(C)C(=C)C,1,0,0,0,0,0,1,0,0,1
306,CN(C)C(=N)N=C(N)NN=C=O,1,0,0,0,0,0,1,0,0,1
307,C=NC(=NC(=N)N(C)C)NOC,1,0,0,0,0,0,1,0,0,1
308,N=C(N=C(N)N)N(C=O)C=C=O,1,0,0,0,0,0,1,0,1,1
309,C=C(C)N(C)C(=N)N=C(N)NO,1,0,0,0,0,0,1,0,0,1
310,C=NN=C(N=C(N)N)N(C)CN,1,0,0,0,0,0,1,0,0,1
311,CN(C(N=C(N)N)=NN)C(O)O,1,0,0,0,0,0,1,0,0,1
312,CN(CNN)C(N=C(N)N)=NN,1,1,0,0,0,0,1,0,0,1
313,CN(CCN=O)C(=N)N=C(N)N,1,0,0,0,0,0,1,0,1,1
314,C=CN=C(N=C(N)N=N)N(C)C,1,0,0,0,0,0,1,0,0,1
315,CNC(N=O)=NC(=N)N(C)CN,1,0,0,0,0,0,1,0,1,1
316,CCN(C=O)C(N=C(N)N)=NC,1,0,0,0,0,0,1,0,1,1
317,CN=C(N=C(N)NO)N(C)C=N,1,0,0,0,0,0,1,0,0,1
318,C=CN(CCN)C(=N)N=C(N)N,1,0,0,0,0,0,0,0,1,1
319,N=CN(CCN)C(=N)N=C(N)N,1,0,0,0,0,0,0,0,1,1
320,C=NCN(C)C(N=C(N)N)=NN,1,0,0,0,0,0,1,0,1,1
321,CN(CN)C(=N)N=C(N=N)NN,1,0,0,0,0,0,1,0,0,1
322,C=CN(CC)C(=N)N=C(N)N=O,1,0,0,0,0,0,1,1,0,1
323,CNN=C(N=C(N)N)N(C)CN,1,0,0,0,0,0,1,0,1,1
324,CN(C(=N)N=C(N)N)C(=O)CN,1,0,0,0,0,0,1,0,1,1
325,CC(=O)N(CO)C(=N)N=C(N)N,1,0,0,0,0,0,1,0,1,1
326,CN=C(N=C(N=N)NC)N(C)C,1,0,0,0,0,0,1,0,0,1
327,C=NC(N)=NC(=N)N(C)C(=N)O,1,0,0,0,0,0,1,0,0,1
328,C=CN(C)C(N=C(N)N=N)=NC,1,0,0,0,0,0,1,0,0,1
329,C=NC(=NC(=N)N(C)CN)NN,1,0,0,0,0,0,1,0,0,1
330,CCNCN(C)C(=N)N=C(N)N,1,0,0,0,0,0,1,0,1,1
331,CCN(C)C(=N)N=C(N=O)NC,1,0,0,0,0,0,1,0,0,1
332,CC(=N)N(C)C(=N)N=C(N)NO,1,0,0,0,0,0,1,0,1,1
333,CNCN(C=O)C(=N)N=C(N)N,1,0,0,0,0,0,1,0,1,1
334,CC=NC(=NC(=N)N(C)C)NO,1,0,0,0,0,0,1,1,0,1
335,CN(C=N)C(=N)N=C(N)N(O)O,1,0,0,0,0,0,1,0,0,1
336,CNCN(C=N)C(=N)N=C(N)N,1,0,0,0,0,0,1,0,0,1
337,CNCN(C)C(=N)N=C(N)NO,1,0,0,0,0,0,1,0,0,1
338,CN=C(N=C(N)NC)N(C)C=O,1,0,0,0,0,0,1,0,1,1
339,C=CN(CC)C(N=C(N)N)=NN,1,0,0,0,0,0,1,0,0,1
340,C=CN(C)C(=N)N=C(N=O)NC,1,0,0,0,0,0,1,0,0,1
341,C=CN=C(N=C(N)NC)N(C)C,1,0,0,0,0,0,1,0,0,1
342,CCN(C=C=N)C(=N)N=C(N)N,1,0,0,0,0,0,1,0,0,1
343,C=CN=C(N=C(N)N)N(C)C=O,1,0,0,0,0,0,1,0,0,1
344,C=NC(N=C)=NC(=N)N(C)C=N,1,0,0,0,0,0,1,1,0,1
345,NC(N)=NC(=NO)N(C=O)CO,1,0,0,0,0,0,1,0,1,1
346,CN(C(=N)N=C(N)N)C(O)OO,1,0,0,0,0,0,1,0,1,1
347,C=NC(N=N)=NC(=N)N(C)C=N,1,0,0,0,0,0,1,1,0,1
348,C=NNC(N)=NC(=N)N(C)CO,1,0,0,0,0,0,1,0,1,1
349,CN(C=N)C(=N)N=C(N=N)NO,1,0,0,0,0,0,1,0,0,1
350,C=NNC(=NC(=N)N(C)C)NC,1,0,0,0,0,0,1,0,0,1
351,CN(CCN)C(=N)N=C(N)N=O,1,0,0,0,0,0,1,0,1,1
352,CN(CCN)C(=N)N=C(N)N=N,1,0,0,0,0,0,1,0,1,1
353,CCN(CN)C(=N)N=C(N)NN,1,0,0,0,0,0,1,0,1,1
354,CNC(N=O)=NC(=N)N(C)C=N,1,0,0,0,0,0,1,0,0,1
355,C=NC(N)=NC(=N)N(C)CCN,1,0,0,0,0,0,1,0,1,1
356,N=C(N=C(N)N)N(CN)C(O)O,1,0,0,0,0,0,1,0,1,1
357,C=C(C)N(C=N)C(=N)N=C(N)N,1,0,0,0,0,0,1,0,0,1
358,CCN(C)C(N=C(N)N=O)=NO,1,0,0,0,0,0,1,1,0,1
359,C=NC(=NC(=N)N(C)C)N(O)O,1,0,0,0,0,0,1,0,0,1
360,CN=C(N=C(N)NN)N(C)CN,1,0,0,0,0,0,1,0,1,1
361,CC=NC(N=N)=NC(=N)N(C)C,1,0,0,0,0,0,1,0,0,1
362,C=NC(N)=NC(=N)N(C)C=NC,1,0,0,0,0,0,1,0,0,1
363,CN(CN)C(N=C(N)N=N)=NN,1,0,0,0,0,0,1,0,1,1
364,C=CN(C(C)=N)C(=N)N=C(N)N,1,0,0,0,0,0,1,0,0,1
365,C=CN(C(=N)N=C(N)N)C(C)=O,1,0,0,0,0,0,1,0,0,1
366,CN(CC(=N)N)C(=N)N=C(N)N,1,0,0,0,0,0,1,0,1,1
367,N=C(N=C(N)NO)N(C=O)CO,1,0,0,0,0,0,1,0,1,1
368,C=NC(=NC(=N)N(C)C=N)NN,1,0,0,0,0,0,1,0,0,1
369,C=NNC(N)=NC(=N)N(C)C=O,1,0,0,0,0,0,1,0,0,1
370,CN(CN=NN)C(=N)N=C(N)N,1,0,0,0,0,0,1,0,1,1
371,C=NC(N)=NC(=N)N(C)C=NO,1,0,0,0,0,0,1,0,0,1
372,CN(CN)C(N=C(N)N=O)=NO,1,0,0,0,0,0,1,0,0,1
373,C=NNC(=NC(=N)N(C)C)NN,1,0,0,0,0,0,1,0,0,1
374,CN(CN)C(=N)N=C(NN)NN,1,0,0,0,0,0,1,0,0,1
375,C=NC(N=NN)=NC(=N)N(C)C,1,0,0,0,0,0,1,0,1,1
376,CNC(=N)N(C)C(=N)N=C(N)N,1,0,0,0,0,0,1,0,1,1
377,CNC(=NC(=N)N(C)C=N)NO,1,0,0,0,0,0,1,0,0,1
378,C=CN=C(N=C(N)NN)N(C)C,1,0,0,0,0,0,1,0,0,1
379,C=NC(N=NO)=NC(=N)N(C)C,1,0,0,0,0,0,1,0,0,1
380,CNCN(C)C(=N)N=C(N)N=O,1,0,0,0,0,0,1,0,0,1
381,CN=CN(C)C(=N)N=C(N)NO,1,0,0,0,0,0,1,0,0,1
382,CCN(CN)C(N=C(N)N)=NN,1,0,0,0,0,0,1,0,1,1
383,CNC(N)=NC(=N)N(C)C=C=O,1,0,0,0,0,0,1,0,0,1
384,CN(C)C(=N)N=C(N=N)N=C=N,1,0,0,0,0,0,1,0,0,1
385,C=CN(C=O)C(N=C(N)N)=NC,1,0,0,0,0,0,1,0,0,1
386,C=C(C=O)N(C)C(=N)N=C(N)N,1,0,0,0,0,0,1,0,0,1
387,C=NC(=NC(=N)N(C)CN)NO,1,0,0,0,0,0,1,0,0,1
388,CN(C=N)C(=N)N=C(N)N=CN,1,0,0,0,0,0,1,0,0,1
389,C=CC(=C)N(C)C(=N)N=C(N)N,1,0,0,0,0,0,1,0,1,1
390,CC=CN(CC)C(=N)N=C(N)N,1,0,0,0,0,0,1,0,0,1
391,CNC(=NC(=N)N(C)CN)NN,1,0,0,0,0,0,1,0,1,1
392,C=CN(C)C(=N)N=C(N)NN=C,1,0,0,0,0,0,1,0,0,1
393,C=NC(N=N)=NC(=N)N(C)CO,1,0,0,0,0,0,1,0,0,1
394,CCN(C=N)C(=N)N=C(N)NO,1,0,0,0,0,0,1,0,0,1
395,C=C=CN(CC)C(=N)N=C(N)N,1,0,0,0,0,0,1,0,0,1
396,CCN(C=CN)C(=N)N=C(N)N,1,0,0,0,0,0,1,0,0,1
397,CN(C)C(=N)N=C(N=O)N(C)C,1,0,0,0,0,0,1,1,0,1
398,C=C(C)N(C)C(N=C(N)N)=NN,1,0,0,0,0,0,1,0,0,1
399,C=C(C)N(C)C(=N)N=C(N)N=N,1,0,0,0,0,0,1,1,0,1
400,CN(C)C(N=C(N)N=O)=NON,1,0,0,0,0,0,1,0,1,1
401,CNC(N=O)=NC(=NO)N(C)C,1,0,0,0,0,0,1,0,0,1
402,CNCN(C)C(N=C(N)N)=NN,1,1,0,0,0,0,1,0,1,1
403,C=CN(CC)C(=N)N=C(N)NC,1,0,0,0,0,0,1,0,0,1
404,N=C(N=C(N)NN)N(CN)CO,1,0,0,0,0,0,1,0,1,1
405,CNC(N=O)=NC(=N)N(C)C=O,1,0,0,0,0,0,1,0,0,1
406,CN(CCN)C(=N)N=C(N)NO,1,0,0,0,0,0,1,0,1,1
407,C=NC(=NC(=NC)N(C)C)NO,1,0,0,0,0,0,1,1,0,1
408,CC(N=N)N(C)C(=N)N=C(N)N,1,0,0,0,0,0,1,0,1,1
409,C=NC(=NC(=NO)N(C)C)NO,1,0,0,0,0,0,1,1,1,1
410,CN(C=C=O)C(=N)N=C(N)N=O,1,0,0,0,0,0,1,0,0,1
411,CN(CC(N)O)C(=N)N=C(N)N,1,0,0,0,0,0,1,0,1,1
412,C=C(NC)N(C)C(=N)N=C(N)N,1,0,0,0,0,0,1,0,0,1
413,C=CN(CN)C(N=C(N)N)=NN,1,0,0,0,0,0,1,0,0,1
414,CN(C)C(=N)N=C(N=C=N)NO,1,0,0,0,0,0,1,1,0,1
415,CN(CNC=N)C(=N)N=C(N)N,1,0,0,0,0,0,1,0,1,1
416,CN(C)C(N=C(N=O)N=O)=NO,1,0,0,0,0,0,1,0,0,1
417,CNC(N=O)=NC(=N)N(C)CO,1,0,0,0,0,0,1,0,1,1
418,CN(CN)C(N=C(N)NN)=NN,1,0,0,0,0,0,1,0,0,1
419,CN(C=NN)C(=N)N=C(N)NO,1,0,0,0,0,0,1,0,0,1
420,C=CN(CC)C(N=C(N)N)=NC,1,0,0,0,0,0,1,0,0,1
421,CN(CN=N)C(=N)N=C(N)N=N,1,0,0,0,0,0,1,0,1,1
422,CN(C=N)C(=N)N=C(NN)NO,1,0,0,0,0,0,1,0,0,1
423,CN(CCNN)C(=N)N=C(N)N,1,0,0,0,0,0,1,0,1,1
424,CC(CN)N(C)C(=N)N=C(N)N,1,0,0,0,0,0,1,0,1,1
425,CN(C(N=C(N)N)=NO)C(O)O,1,0,0,0,0,0,1,0,1,1
426,CN(C)C(N=C(N)N)=NC=C=O,1,0,0,0,0,0,1,0,1,1
427,C=NC(N=O)=NC(=NO)N(C)C,1,0,0,0,0,0,1,0,0,1
428,C=CN=C(N=C(N)N)N(C)C=C,1,0,0,0,0,0,1,0,0,1
429,CC(=CO)N(C)C(=N)N=C(N)N,1,0,0,0,0,0,1,0,0,1
430,CC=NNC(N)=NC(=N)N(C)C,1,0,0,0,0,0,1,0,1,1
431,C=CN=C(N=C(N)N)N(C)CC,1,0,0,0,0,0,1,0,0,1
432,C=NC(N=O)=NC(=N)N(C)C=N,1,0,0,0,0,0,1,1,0,1
433,C=C(N)CN(C)C(=N)N=C(N)N,1,0,0,0,0,0,1,0,1,1
434,C=CN(CC)C(=N)N=C(N)NN,1,0,0,0,0,0,1,0,0,1
435,CC(=CN)N(C)C(=N)N=C(N)N,1,0,0,0,0,0,1,0,0,1
436,C=CN(CC=O)C(=N)N=C(N)N,1,0,0,0,0,0,1,0,0,1
437,CN(CN)C(N=C(N)N)=NNN,1,0,0,0,0,0,1,0,0,1
438,C=C(C=N)N(C)C(=N)N=C(N)N,1,0,0,0,0,0,1,0,1,1
439,C=CN=C(N=C(N)N)N(C)CO,1,0,0,0,0,0,1,0,1,1
440,C=C(C)N(CN)C(=N)N=C(N)N,1,0,0,0,0,0,1,0,1,1
441,N=C(N=C(N)N)N(C=O)C(N)O,1,0,0,0,0,0,1,0,1,1
442,C=CN(CC)C(=N)N=C(N)N=N,1,0,0,0,0,0,1,0,0,1
443,C=C(CN)N(C)C(=N)N=C(N)N,1,0,0,0,0,0,1,0,1,1
444,CN=C(N=C(N)N)N(C)C=C=O,1,0,0,0,0,0,1,0,1,1
445,CN(C)C(N=C(N=O)NO)=NO,1,0,0,0,0,0,1,0,0,1
446,CN(C(=N)N=C(N)N)C(O)N=N,1,0,0,0,0,0,1,0,1,1
447,C=NNC(N)=NC(=N)N(C)CC,1,0,0,0,0,0,1,0,0,1
448,CN=C(N=C(N=N)NO)N(C)C,1,0,0,0,0,0,1,0,0,1
449,CN(CNC=O)C(=N)N=C(N)N,1,0,0,0,0,0,1,0,1,1
450,C=CN(C(=N)N=C(N)N)C(C)C,1,0,0,0,0,0,1,0,0,1
451,CN(CNCN)C(=N)N=C(N)N,1,0,0,0,0,0,1,0,1,1
452,CN=C(N=C(N)N=N)N(C)CO,1,0,0,0,0,0,1,0,1,1
453,CCN(C(=N)N=C(N)N)C(O)O,1,0,0,0,0,0,1,0,1,1
454,C=NNC(=NC(=N)N(C)C)NO,1,0,0,0,0,0,1,1,0,1
455,CN(C=N)C(=N)N=C(N)N=C=N,1,0,0,0,0,0,1,0,0,1
456,CN=C(N=C(N)N)N(C)CNC,1,0,0,0,0,0,1,0,1,1
457,CN(O)CN(C)C(=N)N=C(N)N,1,0,0,0,0,0,1,0,1,1
458,C=NC(N)=NC(=NN)N(C)CN,1,0,0,0,0,0,1,0,0,1
459,CC(O)N(C=O)C(=N)N=C(N)N,1,0,0,0,0,0,1,0,1,1
460,CN(C=C=O)C(=N)N=C(N)N=N,1,0,0,0,0,0,1,0,0,1
461,C=C(N)N(C)C(=N)N=C(N)NN,1,0,0,0,0,0,1,0,0,1
462,C=NN(C)C(N)=NC(=N)N(C)C,1,0,0,0,0,0,1,0,0,1
463,CN(C=C=O)C(=N)N=C(N)NO,1,0,0,0,0,0,1,0,0,1
464,CN(CN)C(N=C(N)N)=NN=O,1,0,0,0,0,0,1,0,0,1
465,CN(CCN)C(N=C(N)N)=NO,1,0,0,0,0,0,1,0,1,1
466,N=C(N=C(N)N)N(CN)CCN,1,0,0,0,0,0,1,0,1,1
467,CON=C(N=C(N)N=O)N(C)C,1,0,0,0,0,0,1,0,1,1
468,C=C=NC(=NC(=N)N(C)C)NO,1,0,0,0,0,0,1,0,0,1
469,CN(CN=N)C(=N)N=C(N)N=O,1,0,0,0,0,0,1,0,0,1
470,CN(C(=N)CN)C(=N)N=C(N)N,1,0,0,0,0,0,1,0,1,1
471,C=NC(=NC(=N)N(C)CO)NO,1,0,0,0,0,0,1,0,0,1
472,CC=NC(N)=NC(=N)N(C)C=N,1,0,0,0,0,0,1,1,0,1
473,CN=C(N=C(N)N=N)N(C)CN,1,0,0,0,0,0,1,0,1,1
474,C=NC(N)=NC(=N)N(C)CN=N,1,0,0,0,0,0,1,0,0,1
475,N=C(N=C(N)N)N(C=O)C(O)O,1,0,0,0,0,0,1,0,1,1
476,CN(C(=N)N=C(N)N=O)C(O)O,1,0,0,0,0,0,1,0,1,1
477,C=CN(C)C(=N)N=C(N=C)NO,1,0,0,0,0,0,1,1,0,1
478,C=NC(N)=NC(=N)N(C)C(O)O,1,0,0,0,0,0,1,0,0,1
479,CNC(N)=NC(=N)N(C)CN=N,1,0,0,0,0,0,1,0,1,1
480,C=C(C)N(CC)C(=N)N=C(N)N,1,0,0,0,0,0,1,0,0,1
481,C=NCCN(C)C(=N)N=C(N)N,1,0,0,0,0,0,1,0,1,1
482,CN(CN=NO)C(=N)N=C(N)N,1,1,0,0,0,0,1,0,0,1
483,N=NC(N)=NC(=N)N(C=O)CO,1,0,0,0,0,0,1,0,0,1
484,CN(C(N=C(N)N)=NN)C(N)N,1,0,0,0,0,0,1,0,0,1
485,CNCCN(C)C(=N)N=C(N)N,1,0,0,0,0,0,1,0,1,1
486,C=NN(N)C(N)=NC(=N)N(C)C,1,0,0,0,0,0,1,0,0,1
487,CN(C=O)C(N=C(N)N=O)=NO,1,0,0,0,0,0,1,0,0,1
488,CN(C)C(=N)N=C(N=O)N(C)N,1,0,0,0,0,0,1,0,0,1
489,CN(C)C(N=C(N)N=O)=NOO,1,0,0,0,0,0,1,0,1,1
490,CN(CN=N)C(=N)N=C(N)NO,1,0,0,0,0,0,1,0,1,1
491,C=CN(CCO)C(=N)N=C(N)N,1,0,0,0,0,0,1,0,1,1
492,CN(CN)C(=N)N=C(NN)NO,1,0,0,0,0,0,1,0,0,1
493,CN(C(=N)N=C(N)NN)C(O)O,1,0,0,0,0,0,1,0,1,1
494,C=NC(N=NC)=NC(=N)N(C)C,1,0,0,0,0,0,1,0,0,1
495,CN(C=N)C(=N)N=C(N)NOO,1,0,0,0,0,0,1,0,1,1
496,CN(C)C(N=C(N)N)=NC=C=N,1,0,0,0,0,0,1,0,1,1
497,CN(C=C=O)C(=N)N=C(N)NN,1,0,0,0,0,0,1,0,0,1
498,C=NC(N)=NC(=N)N(C)C(C)=N,1,0,0,0,0,0,1,0,0,1
499,C=NC(N)=NC(=N)N(C=O)CO,1,0,0,0,0,0,1,0,0,1
500,CCN(C=CO)C(=N)N=C(N)N,1,0,0,0,0,0,1,0,0,1
501,CNC(=O)N(C)C(=N)N=C(N)N,1,0,0,0,0,0,1,0,1,1
502,CC(=C=O)N(C)C(=N)N=C(N)N,1,0,0,0,0,0,1,0,1,1
503,CCNC(N=O)=NC(=N)N(C)C,1,0,0,0,0,0,1,0,0,1
504,N=CN(C=C=O)C(=N)N=C(N)N,1,0,0,0,0,0,0,0,1,1
505,CN(C)C(N=C(N)N=N)=NC=N,1,0,0,0,0,0,1,0,0,1
506,CN(C=N)C(N=C(N)N=O)=NO,1,0,0,0,0,0,1,1,0,1
507,C=CN(C=C=O)C(=N)N=C(N)N,1,0,0,0,0,0,1,0,0,1
508,CN=C(N=C(N)N=NN)N(C)C,1,0,0,0,0,0,1,0,1,1
509,CN(C=N)C(=N)N=C(N)N=C=O,1,0,0,0,0,0,1,0,0,1
510,CCN(C)C(N=C(N)N=N)=NC,1,0,0,0,0,0,1,0,0,1
511,CN(CCNO)C(=N)N=C(N)N,1,0,0,0,0,0,1,0,1,1
512,CN=C(N=C(N=N)NN)N(C)C,1,0,0,0,0,0,1,0,0,1
513,C=NC(N=N)=NC(=NO)N(C)C,1,0,0,0,0,0,1,0,0,1
514,CN(C)C(=N)N=C(N=C=O)NO,1,0,0,0,0,0,1,0,0,1
515,CN=C(N=C(N)N)N(C)C(C)=O,1,0,0,0,0,0,1,0,0,1
516,C=C(N)N(C)C(N=C(N)N)=NN,1,0,0,0,0,0,1,0,0,1
517,C=C=NC(N)=NC(=N)N(C)C=N,1,0,0,0,0,0,1,0,0,1
518,CN(CN)C(=N)N=C(N=O)NN,1,0,0,0,0,0,1,0,0,1
519,C=NC(N)=NC(=N)N(C)CNC,1,0,0,0,0,0,1,0,0,1
520,CN(C(=N)N=C(N)NN)C(N)=O,1,0,0,0,0,0,1,0,0,1
521,C=CN(CC)C(=N)N=C(N)NO,1,0,0,0,0,0,1,0,0,1
522,C=CN(CNC)C(=N)N=C(N)N,1,0,0,0,0,0,1,0,0,1
523,C=CN(CC)C(=N)N=C(N)N=C,1,0,0,0,0,0,1,0,0,1
524,C=NC(N=N)=NC(=NC)N(C)C,1,0,0,0,0,0,1,0,0,1
525,C=NNC(N)=NC(=NO)N(C)C,1,0,0,0,0,0,1,0,0,1
526,CN(CC(N)=O)C(=N)N=C(N)N,1,0,0,0,0,0,1,0,1,1
527,CN(C)C(N=C(N=O)NN)=NO,1,0,0,0,0,0,1,1,0,1
528,CN(CCN=N)C(=N)N=C(N)N,1,0,0,0,0,0,1,0,1,1
529,CC=CN=C(N=C(N)N)N(C)C,1,0,0,0,0,0,1,0,0,1
530,C=C(C)N(CO)C(=N)N=C(N)N,1,0,0,0,0,0,1,0,1,1
531,CN(C=N)C(=N)N=C(N)N(N)O,0,0,0,0,0,0,1,0,0,1
532,C=CN=C(N=C(N)N)N(C)C=N,0,0,0,0,0,0,1,0,0,1
533,C=NC(N)=NC(=N)N(C)C=NN,0,0,0,0,0,0,1,0,0,1
534,CN=C(N=C(N)N=O)N(C)C=O,0,0,0,0,0,0,1,0,0,1
535,CN=NCN(C)C(=N)N=C(N)N,0,0,0,0,0,0,1,0,1,1
536,CN(C(=N)N=C(N)N)C(N)(O)O,0,0,0,0,0,0,1,0,1,1
537,CN(C)C(=N)N=C(N=CO)NO,0,0,0,0,0,0,1,1,0,1
538,N=C(N=C(N)N)N(CO)CCN,0,0,0,0,0,0,0,0,1,1
539,CN(C)C(=N)N=C(N)NN=C=N,0,0,0,0,0,0,1,0,0,1
540,C=NC(N=N)=NC(=N)N(C)CC,0,0,0,0,0,0,1,0,0,1
541,CN(C(=N)N=N)C(=N)N=C(N)N,0,0,0,0,0,0,1,0,1,1
542,C=NC(=NC(=N)N(C)C)N(N)O,0,0,0,0,0,0,1,0,0,1
543,C=CN(CN)C(=N)N=C(N)NN,0,0,0,0,0,0,1,0,0,1
544,CN(C)C(N=C(N)N=N)=NC=O,0,0,0,0,0,0,1,0,1,1
545,CN=C(N=C(N=N)N=N)N(C)C,0,0,0,0,0,0,1,0,0,1
546,CC(N)CN(C)C(=N)N=C(N)N,0,0,0,0,0,0,1,0,1,1
547,N=C(N=C(N)N)N(C=O)C(=O)O,0,0,0,0,0,0,1,0,1,1
548,CN(CO)C(N=C(N)N=O)=NO,0,0,0,0,0,0,1,0,0,1
549,CCN=C(N=C(N)N)N(C)C=O,0,0,0,0,0,0,1,0,1,1
550,CN(C)CN(C)C(=N)N=C(N)N,0,0,0,0,0,0,1,0,1,1
551,CN(C)C(=N)N=C(N)NN=CO,0,0,0,0,0,0,1,1,0,1
552,CN=C(N=C(N)N)N(C)C(O)O,0,0,0,0,0,0,1,0,1,1
553,C=NC(=NC(=NN)N(C)C)NO,0,0,0,0,0,0,1,0,0,1
554,CN(C=C=O)C(N=C(N)N)=NO,0,0,0,0,0,0,1,0,1,1
555,C=C(C)N(C)C(N=C(N)N)=NO,0,0,0,0,0,0,1,0,0,1
556,CN(C=NO)C(=N)N=C(N)NO,0,0,0,0,0,0,1,0,0,1
557,CC(N)N(C)C(=N)N=C(N)NN,0,0,0,0,0,0,1,0,0,1
558,CN(C=O)C(N=C(N)N)=NCN,0,0,0,0,0,0,1,0,1,1
559,CN(C(=N)N=C(N)N)C(O)=C=O,0,0,0,0,0,0,1,0,1,1
560,CNC(N)=NC(=NN)N(C)CN,0,0,0,0,0,0,1,0,1,1
561,CN(C(=N)N)C(N=C(N)N)=NN,0,0,0,0,0,0,1,0,0,1
562,CNCN(C)C(=N)N=C(N)N=N,0,0,0,0,0,0,1,0,0,1
563,C=C(N)N=C(N=C(N)N)N(C)C,0,0,0,0,0,0,1,0,1,1
564,CNC(O)N(C)C(=N)N=C(N)N,0,0,0,0,0,0,1,0,1,1
565,N=CN(CN=N)C(=N)N=C(N)N,0,0,0,0,0,0,0,0,1,1
566,C=CN(C=N)C(=N)N=C(N)NO,0,1,0,0,0,0,1,0,0,1
567,C=NNC(N)=NC(=NN)N(C)C,0,0,0,0,0,0,1,0,0,1
568,CN(C)C(=N)N=C(N=O)NCN,0,0,0,0,0,0,1,0,1,1
569,CN(C=O)C(N=C(N)N)=NC=N,0,0,0,0,0,0,1,0,1,1
570,C=NC(N)=NC(=N)N(C)C(=N)N,0,0,0,0,0,0,1,0,1,1
571,C=NC(N)=NC(=N)N(C=N)C=N,0,0,0,0,0,0,1,1,0,1
572,N=CN(CN)C(=N)N=C(N)NN,0,0,0,0,0,0,1,0,1,1
573,CN=C(N=C(N)N)N(C=O)C=O,0,0,0,0,0,0,1,0,0,1
574,CN(C(=N)N)C(=N)N=C(N)NN,0,0,0,0,0,0,1,0,0,1
575,CNCN(C)C(=N)N=C(N)NC,0,0,0,0,0,0,1,0,0,1
576,CONC(N)=NC(=N)N(C)C=N,0,0,0,0,0,0,1,0,1,1
577,CN(C(=N)N=C(N)N)C(O)ON,0,0,0,0,0,0,1,0,1,1
578,N=NCN(CO)C(=N)N=C(N)N,0,0,0,0,0,0,1,0,1,1
579,CN(C(=N)N=C(N)NN)C(N)O,0,0,0,0,0,0,1,0,1,1
580,CC=C(C)N(C)C(=N)N=C(N)N,0,0,0,0,0,0,1,0,1,1
581,CN(C=N)C(N=C(N)NO)=NN,0,0,0,0,0,0,1,0,0,1
582,CNCN(CN)C(=N)N=C(N)N,0,0,0,0,0,0,1,0,1,1
583,CN(CN)C(N=C(N)N)=NN=N,0,0,0,0,0,0,1,0,1,1
584,C=CN(CC)C(N=C(N)N)=NO,0,0,0,0,0,0,1,0,0,1
585,CN=C(N=C(N=N)N=O)N(C)C,0,0,0,0,0,0,1,0,0,1
586,C=NC(N)=NC(=N)N(C=N)C=O,0,0,0,0,0,0,1,0,0,1
587,CN(C(=N)N=C(N)N)C(=O)N=N,0,0,0,0,0,0,1,0,0,1
588,CNC(C)N(C)C(=N)N=C(N)N,0,0,0,0,0,0,1,0,1,1
589,CN(C=N)C(=N)N=C(N)NON,0,0,0,0,0,0,1,0,0,1
590,C=C(O)N=C(N=C(N)N)N(C)C,0,0,0,0,0,0,1,0,1,1
591,C=C=CN=C(N=C(N)N)N(C)C,0,0,0,0,0,0,1,0,1,1
592,C=CN(CN=N)C(=N)N=C(N)N,0,0,0,0,0,0,1,0,0,1
593,C=CN(C=N)C(=N)N=C(N)N=C,0,0,0,0,0,0,1,0,0,1
594,CN(C)C(=N)N=C(N=N)N=CO,0,0,0,0,0,0,1,1,0,1
595,CN=C(N=C(N)N)N(C)C(N)=O,0,0,0,0,0,0,1,0,0,1
596,CN(C)C(=N)N=C(N=CN)NO,0,0,0,0,0,0,1,1,0,1
597,COC(O)N(C)C(=N)N=C(N)N,0,0,0,0,0,0,1,0,1,1
598,CN(CN)C(=N)N=C(N)N(N)O,0,0,0,0,0,0,1,0,0,1
599,C=C(CC)N(C)C(=N)N=C(N)N,0,0,0,0,0,0,1,0,1,1
600,CN(C=N)C(N=C(N)NO)=NO,0,0,0,0,0,0,1,1,0,1
601,CNC(N=O)=NC(=NN)N(C)C,0,0,0,0,0,0,1,0,0,1
602,C=NC(N)=NC(=N)N(C=N)CC,0,0,0,0,0,0,1,1,0,1
603,CC(=C=N)N(C)C(=N)N=C(N)N,0,0,0,0,0,0,1,0,0,1
604,N=CN(C=O)C(=N)N=C(N)NO,0,0,0,0,0,0,1,0,1,1
605,CN=C(N=C(N)N)N(C)CN=N,0,0,0,0,0,0,1,0,1,1
606,CN(C=O)C(N=C(N)N)=NC=O,0,0,0,0,0,0,1,0,1,1
607,CCN(CCN)C(=N)N=C(N)N,0,0,0,0,0,0,1,0,1,1
608,C=NC(N)=NC(=N)N(C=N)CN,0,0,0,0,0,0,1,0,1,1
609,CN(CN=N)C(N=C(N)N)=NO,0,0,0,0,0,0,1,0,1,1
610,CCN(CNC)C(=N)N=C(N)N,0,0,0,0,0,0,1,0,1,1
611,CN=NC(N)=NC(=NC)N(C)C,0,0,0,0,0,0,1,0,0,1
612,CN(C)C(N=C(N)N)=NC=CO,0,0,0,0,0,0,1,0,1,1
613,N=CN(CO)C(=N)N=C(N)NO,0,0,0,0,0,0,1,0,1,1
614,CN(C=N)C(=N)N=C(N)N=CO,0,0,0,0,0,0,1,0,0,1
615,CN(C(=N)N=C(N)N)C(C)(O)O,0,0,0,0,0,0,1,0,0,1
616,CN(C(=N)N=C(N)N)C(N)N=N,0,0,0,0,0,0,1,0,1,1
617,CN=C(N=C(N)N=NO)N(C)C,0,0,0,0,0,0,1,0,0,1
618,CN(C(N=C(N)N)=NN)C(N)O,0,0,0,0,0,0,1,0,0,1
619,C=CN(CCC)C(=N)N=C(N)N,0,0,0,0,0,0,1,0,0,1
620,N=C(O)N(C=O)C(=N)N=C(N)N,0,0,0,0,0,0,1,0,1,1
621,CN(C(=N)N=C(N)N)C(O)(O)O,0,0,0,0,0,0,1,0,1,1
622,CN(C)C(=N)N=C(N=O)NC=O,0,0,0,0,0,0,1,1,0,1
623,CN(C)C(=N)N=C(N=N)N=CN,0,0,0,0,0,0,1,0,0,1
624,C=C(C)N(C)C(N=C(N)N)=NC,0,0,0,0,0,0,1,0,0,1
625,CN(C(=N)O)C(=N)N=C(N)NO,0,0,0,0,0,0,1,0,0,1
626,C=C(O)N(CC)C(=N)N=C(N)N,0,0,0,0,0,0,1,0,1,1
627,C=CCN(C=C)C(=N)N=C(N)N,0,0,0,0,0,0,1,0,0,1
628,C=NN(O)C(N)=NC(=N)N(C)C,0,0,0,0,0,0,1,0,0,1
629,N=C(N=C(N)N)N(CO)C(=O)O,0,0,0,0,0,0,1,0,1,1
630,CN(CN)C(N=C(N)N)=NNO,0,0,0,0,0,0,1,0,1,1
631,C=NC(=NC(=N)N(C)C)NON,0,0,0,0,0,0,1,0,1,1
632,C=CN(CC=N)C(=N)N=C(N)N,0,0,0,0,0,0,1,0,1,1
633,CN=C(N=C(N)N)N(C)C(=O)O,0,0,0,0,0,0,1,0,1,1
634,CN(C)C(N=C(N)N)=NC=CN,0,0,0,0,0,0,1,0,1,1
635,C=C=NC(N=N)=NC(=N)N(C)C,0,0,0,0,0,0,1,0,0,1
636,C=NC(N)=NC(=NN)N(C)C=N,0,0,0,0,0,0,1,0,0,1
637,CN(C)C(N=C(N=N)N=O)=NO,0,0,0,0,0,0,1,0,0,1
638,CNCN(CO)C(=N)N=C(N)N,0,0,0,0,0,0,1,0,1,1
639,C=C(N)N(CC)C(=N)N=C(N)N,0,0,0,0,0,0,1,0,0,1
640,N=CN(CN)C(=N)N=C(N)NO,0,0,0,0,0,0,1,0,1,1
641,N=C(N=C(N)N)N(CO)C(O)O,0,0,0,0,0,0,0,0,1,1
642,CN(CN)C(N=C(N)NO)=NN,0,0,0,0,0,0,1,0,0,1
643,CN(C)C(=N)N=C(N)NN=CN,0,0,0,0,0,0,1,0,0,1
644,N=NCN(CN)C(=N)N=C(N)N,0,0,0,0,0,0,1,0,1,1
645,CN(C(=N)N)C(=N)N=C(N)NO,0,0,0,0,0,0,1,0,1,1
646,N=C(N=C(N)N)N(CO)C(N)=O,0,0,0,0,0,0,1,0,1,1
647,CN(N)CN(C)C(=N)N=C(N)N,0,0,0,0,0,0,1,0,1,1
648,CN(C)C(=N)N=C(N=O)NC=N,0,0,0,0,0,0,1,1,0,1
649,NCN(CO)C(N=C(N)N)=NN,0,0,0,0,0,0,1,0,1,1
650,N=CN(C=N)C(=N)N=C(N)NO,0,0,0,0,0,0,1,0,1,1
651,CCN(CN=N)C(=N)N=C(N)N,0,0,0,0,0,0,1,0,1,1
652,N=CN(C(=N)N=C(N)N)C(O)O,0,0,0,0,0,0,1,0,1,1
653,C=NC(N)=NC(=NO)N(C)C=N,0,0,0,0,0,0,1,1,0,1
654,CN(C(=N)N=C(N)NO)C(O)O,0,0,0,0,0,0,1,0,1,1
655,CN(C(=N)N=C(N)N)C(N)=C=O,0,0,0,0,0,0,1,0,0,1
656,CN(CN)C(N=C(N)NN)=NO,0,0,0,0,0,0,1,0,0,1
657,CN(C(=N)N=C(N)N=N)C(O)O,0,0,0,0,0,0,1,0,0,1
658,CN=C(N=C(N)N)N(C=N)C=O,0,0,0,0,0,0,1,0,0,1
659,CNC(N)=NC(=N)N(C)C(O)O,0,0,0,0,0,0,1,0,0,1
660,CC(N)N(C)C(N=C(N)N)=NN,0,0,0,0,0,0,1,0,0,1
661,CN(C)C(N=C(N)N=N)=NCO,0,0,0,0,0,0,1,0,1,1
662,C=CN(C(=N)N=C(N)N)C(C)N,0,0,0,0,0,0,1,0,1,1
663,C=C(N=N)N(C)C(=N)N=C(N)N,0,0,0,0,0,0,1,0,1,1
664,CN(C)C(N=C(N)N=N)=NCN,0,0,0,0,0,0,1,0,1,1
665,CNCN(C)C(N=C(N)N)=NO,0,0,0,0,0,0,1,0,0,1
666,CN(N)C(N)=NC(=N)N(C)CN,0,0,0,0,0,0,1,0,1,1
667,C=C=C(C)N(C)C(=N)N=C(N)N,0,0,0,0,0,0,1,0,1,1
668,C=NC(N)=NC(=N)N(C=N)CO,0,0,0,0,0,0,1,1,0,1
669,C=CN(C(=N)N=C(N)N)C(O)O,0,0,0,0,0,0,1,0,1,1
670,CN(C)C(=N)N=C(N=N)N=C=O,0,0,0,0,0,0,1,0,0,1
671,CCN=C(N=C(N)N=N)N(C)C,0,0,0,0,0,0,1,0,1,1
672,C=CN(C(=N)N=C(N)N)C(C)O,0,0,0,0,0,0,1,0,1,1
673,CN(CN)C(=N)N=C(N)N(N)N,0,0,0,0,0,0,1,0,1,1
674,C=NC(N=N)=NC(=NN)N(C)C,0,0,0,0,0,0,1,0,0,1
675,NCN(C=O)C(N=C(N)N)=NCO,1,0,0,0,0,0,0,0,1,1
676,CN=C(N=C(N=O)NC)N(C)CO,1,0,0,0,0,0,1,0,0,1
677,CNC(N)=NC(=N)N(C=O)CN=N,1,0,0,0,0,0,1,0,1,1
678,NCCN(C=O)C(N=C(N)N)=NN,1,1,0,0,0,0,1,0,1,1
679,CN=C(N=C(N=O)NC)N(C)CN,1,0,0,0,0,0,1,0,0,1
680,C=NC(=NC(=N)N(C)CC=N)NO,1,0,0,0,0,0,1,1,0,1
681,C=NC(N)=NC(=NC)N(C=O)CN,1,0,0,0,0,0,1,0,1,1
682,CCN=C(N=C(N)N)N(C=O)CN,1,0,0,0,0,0,1,0,1,1
683,CN(CCN)C(N=C(N)N)=NNN,1,0,0,0,0,0,1,0,0,1
684,C=CN=C(N=C(N)N)N(C=O)CN,1,0,0,0,0,0,1,0,0,1
685,C=CNC(N=O)=NC(=NC)N(C)C,1,0,0,0,0,0,1,0,0,1
686,C=NC(=NC(=N)N(C=O)CC)NO,1,0,0,0,0,0,1,0,0,1
687,C=NC(=NC(=N)N(C)C)NN=C=O,1,0,0,0,0,0,1,0,0,1
688,C=NNC(N=C)=NC(=N)N(C)C=O,1,0,0,0,0,0,1,0,0,1
689,C=CN=C(N=C(N=O)NO)N(C)C,1,0,0,0,0,0,1,0,0,1
690,C=CN(C(=C)C)C(=N)N=C(N)N=O,1,1,0,0,0,0,1,0,0,1
691,C=NNC(N=C)=NC(=NO)N(C)C,1,0,0,0,0,0,1,0,0,1
692,CN=C(N=C(N)NC)N(C=O)CN,1,0,0,0,0,0,1,0,1,1
693,C=NC(N=N)=NC(=N)N(C=O)C=O,1,0,0,0,0,0,1,0,0,1
694,C=CN=C(N=C(N=O)NC)N(C)C,1,0,0,0,0,0,1,0,0,1
695,CN=C(N=C(N)N)N(C=O)CN=N,1,0,0,0,0,0,1,0,1,1
696,N=C(N=C(N)NN=O)N(C=O)CN,1,0,0,0,0,0,1,0,0,1
697,CN=C(N=C(N)N)N(C=O)CN=O,1,0,0,0,0,0,1,0,0,1
698,C=CN=C(N=C(N)N=O)N(C)CO,1,0,0,0,0,0,1,0,0,1
699,C=CN=C(N=C(N)N=O)N(C)CC,1,0,0,0,0,0,1,0,0,1
700,C=NC(=NC(=N)N(C)CCN)NC,1,0,0,0,0,0,1,0,0,1
701,C=CN=C(N=C(N)N=O)N(C)C=N,1,0,0,0,0,0,1,1,0,1
702,C=NCN(C=O)C(N=C(N)N)=NC,1,0,0,0,0,0,1,0,1,1
703,N=C(N=C(N)NN=O)N(CN)CN,1,0,0,0,0,0,1,0,0,1
704,CN=C(N=C(N)N)N(C=O)CNN,1,0,0,0,0,0,1,0,1,1
705,CN=C(N=C(N)NO)N(C=O)CN,1,0,0,0,0,0,1,0,1,1
706,CN(C(=N)N=C(N)NN=O)C(N)N,1,0,0,0,0,0,1,0,0,1
707,C=NC(N=N)=NC(=N)N(C=O)CO,1,0,0,0,0,0,1,0,0,1
708,C=NC(N=NO)=NC(=N)N(C)C=O,1,0,0,0,0,0,1,0,0,1
709,N=C(N=C(N)N)N(C=O)CN=NO,1,0,0,0,0,0,1,0,0,1
710,C=C(C)N=C(N=C(N)N=O)N(C)C,1,0,0,0,0,0,1,0,0,1
711,N=NCN(C=O)C(=N)N=C(N)NN,1,0,0,0,0,0,1,0,1,1
712,CNC(N)=NC(=N)N(C=O)CCN,1,0,0,0,0,0,1,0,1,1
713,N=C(N=C(N)N=O)N(C=C=O)CO,1,0,0,0,0,0,1,0,0,1
714,C=CN=C(N=C(N=O)N=O)N(C)C,1,0,0,0,0,0,1,0,0,1
715,C=NNC(N=CC)=NC(=N)N(C)C,1,0,0,0,0,0,1,0,0,1
716,CN=C(N=C(N)N=N)N(C=O)CN,1,0,0,0,0,0,1,0,1,1
717,C=NC(=NC(=N)N(CC)CC)NO,1,0,0,0,0,0,1,0,0,1
718,CCN(C)C(N=C(N=O)NC)=NC,1,0,0,0,0,0,1,0,0,1
719,C=NC(=NC(=N)N(C)CN)NN=O,1,0,0,0,0,0,1,0,0,1
720,C=NC(=NC(=N)N(C)C)NN=CN,1,0,0,0,0,0,1,0,0,1
721,CN=C(N=C(N)NN)N(C=O)CO,1,0,0,0,0,0,1,0,1,1
722,CC(=O)N(CO)C(=N)N=C(N)NN,1,0,0,0,0,0,1,0,0,1
723,C=C(CO)N(C)C(=N)N=C(N)N=O,1,0,0,0,0,0,1,0,0,1
724,C=CNC(N=O)=NC(=N)N(C)CO,1,0,0,0,0,0,1,0,0,1
725,C=NC(N=N)=NC(=N)N(C=N)C=O,1,0,0,0,0,0,1,0,0,1
726,CN=C(N=C(N)N)N(C=O)C(C)N,1,0,0,0,0,0,1,0,0,1
727,C=C=CN=C(N=C(N)N=O)N(C)C,1,0,0,0,0,0,1,0,0,1
728,CN=C(N=C(N)NN=O)N(C)CN,1,0,0,0,0,0,1,0,1,1
729,C=NC(N=N)=NC(=N)N(C)C(=O)O,1,0,0,0,0,0,1,0,0,1
730,CN=C(N=C(N)N)N(C=O)CNC,1,0,0,0,0,0,1,0,1,1
731,C=NC(N=NN)=NC(=N)N(C)C=O,1,0,0,0,0,0,1,0,0,1
732,NCN=C(N=C(N)N)N(C=O)CN,1,0,0,0,0,0,1,0,1,1
733,N=NCN(C=O)C(=N)N=C(N)NO,1,1,0,0,0,0,1,0,0,1
734,C=NC(N)=NC(=NC)N(C)C=NO,1,0,0,0,0,0,1,0,0,1
735,C=NC(N)=NC(=NC)N(C)C(C)=N,1,0,0,0,0,0,1,0,0,1
736,CN(CCNO)C(N=C(N)N)=NN,1,0,0,0,0,0,1,0,1,1
737,C=NC(=NC(=N)N(C)C(C)=N)NO,1,0,0,0,0,0,1,1,0,1
738,C=NC(=NC(=N)N(C)CO)N(C)O,1,0,0,0,0,0,1,0,0,1
739,CN=C(N=C(N)NN)N(C=O)CN,1,0,0,0,0,0,1,0,1,1
740,CN=NCN(C=O)C(=N)N=C(N)N,1,0,0,0,0,0,1,0,0,1
741,C=CN(C)C(N=C(N=O)NC)=NC,1,0,0,0,0,0,1,0,0,1
742,C=C(C)N=C(N=C(N)N)N(C)C=O,1,0,0,0,0,0,1,0,0,1
743,C=CN=C(N=C(N)N=O)N(C)CN,1,0,0,0,0,0,1,0,0,1
744,CNC(N=O)=NC(=N)N(C)CCN,1,0,0,0,0,0,1,0,1,1
745,CN(CN)C(=N)N=C(N=N)NN=O,1,0,0,0,0,0,1,0,0,1
746,CC=NC(=NC(=N)N(C)CC)NO,1,0,0,0,0,0,1,0,0,1
747,CN=C(N=C(N=O)NC)N(C)C=O,1,0,0,0,0,0,1,0,0,1
748,C=NNC(N=C)=NC(=NC)N(C)C,1,0,0,0,0,0,1,0,0,1
749,CN=C(N=C(N)N)N(C=O)C(=N)N,1,0,0,0,0,0,1,0,0,1
750,C=CNC(N=O)=NC(=N)N(C)CC,1,0,0,0,0,0,1,0,0,1
751,C=CN=C(N=C(N=C)N=O)N(C)C,1,0,0,0,0,0,1,0,0,1
752,N=NCN(C=O)C(N=C(N)N)=NN,1,0,0,0,0,0,1,0,0,1
753,N=C(N=C(N)NN=O)N(C=O)CO,1,0,0,0,0,0,1,0,0,1
754,CN=C(N=C(N=O)N(C)O)N(C)C,1,0,0,0,0,0,1,0,0,1
755,C=C(C=N)N(C)C(=N)N=C(N)N=O,1,1,0,0,0,0,1,0,0,1
756,C=CNC(N=O)=NC(=N)N(C)C=O,1,0,0,0,0,0,1,0,0,1
757,C=NNC(N=C)=NC(=N)N(C)C=N,1,0,0,0,0,0,1,1,0,1
758,C=NC(N=N)=NC(=N)N(C=O)CN,1,0,0,0,0,0,1,0,0,1
759,CNC(N)=NC(=N)N(C=N)CCN,1,0,0,0,0,0,1,0,1,1
760,CN(CN)C(N=C(N)NN=O)=NN,1,0,0,0,0,0,1,0,0,1
761,CNC(=NC(=N)N(C)CN)NN=O,1,0,0,0,0,0,1,0,1,1
762,C=C(C)N(C=N)C(=N)N=C(N)N=O,1,1,0,0,0,0,1,0,0,1
763,C=NC(N)=NC(=N)N(C)C(N)CN,1,0,0,0,0,0,1,0,1,1
764,C=C(CN)N(C)C(=N)N=C(N)N=O,1,0,0,0,0,0,1,0,1,1
765,N=C(N=C(N)N)N(C=C=O)C(O)O,1,0,0,0,0,0,1,0,1,1
766,CNCCN(C)C(N=C(N)N)=NN,1,0,0,0,0,0,1,0,1,1
767,N=C(N=C(N)NNN)N(C=O)CO,1,0,0,0,0,0,1,0,1,1
768,C=CN(C=O)C(=N)N=C(N=C)N=N,1,0,0,0,0,0,1,0,0,1
769,C=NC(=NC(=NC)N(C)C=N)NN,1,0,0,0,0,0,1,0,0,1
770,C=C(O)N(C=C=O)C(=N)N=C(N)N,1,0,0,0,0,0,1,0,0,1
771,C=C(C)N=C(N=C(N)N)N(C)CN,1,0,0,0,0,0,1,0,0,1
772,C=CNC(N=O)=NC(=N)N(C)CN,1,0,0,0,0,0,1,0,0,1
773,C=C(C)N=C(N=C(N)N)N(C)CO,1,0,0,0,0,0,1,0,1,1
774,C=NC(=NC(=NC)N(C)C)N(C)O,1,0,0,0,0,0,1,0,0,1
775,C=CN=C(N=C(N)N=O)N(C)C=O,1,1,0,0,0,0,1,1,0,1
776,N=C(N=C(N)N)N(C=O)C(N)CN,1,0,0,0,0,0,1,0,1,1
777,C=CNC(N=O)=NC(=NO)N(C)C,1,0,0,0,0,0,1,1,0,1
778,C=NC(=NC(=N)N(C)C)N(C)OO,1,0,0,0,0,0,1,0,0,1
779,C=NNC(N=C=O)=NC(=N)N(C)C,1,0,0,0,0,0,1,0,0,1
780,CNN=C(N=C(N)N)N(C)CCN,1,0,0,0,0,0,1,0,1,1
781,N=C(N=C(N)NNO)N(C=O)CO,1,0,0,0,0,0,1,0,1,1
782,C=C(C)N(C)C(N=C(N)N=O)=NN,1,0,0,0,0,0,1,0,0,1
783,C=NNC(N=C)=NC(=N)N(C)CO,1,0,0,0,0,0,1,0,0,1
784,C=CN(C)C(=N)N=C(N=C)N(C)O,1,0,0,0,0,0,1,0,0,1
785,CC=NC(N=N)=NC(=N)N(C)C=O,1,0,0,0,0,0,1,0,0,1
786,N=NC(=NC(=N)N(C=O)CO)NN,1,0,0,0,0,0,1,0,1,1
787,CN(C=O)C(=N)N=C(N=N)N=C=N,1,0,0,0,0,0,1,1,0,1
788,CNN=C(N=C(N)N)N(CN)CN,1,0,0,0,0,0,1,0,1,1
789,C=CN(C)C(N=C(N)N)=NC(=C)C,1,0,0,0,0,0,1,0,0,1
790,CNCN(C)C(=N)N=C(N)NN=O,1,0,0,0,0,0,1,0,0,1
791,C=CC(=C)N(C)C(=N)N=C(N)N=O,1,0,0,0,0,0,1,0,0,1
792,C=NNC(N)=NC(=N)N(C=O)CO,1,0,0,0,0,0,1,0,0,1
793,CC(N)C(N)N(C)C(=N)N=C(N)N,1,0,0,0,0,0,1,0,1,1
794,CN=C(N=C(N)N)N(C=O)CNO,1,0,0,0,0,0,1,0,1,1
795,CN(CCN)C(N=C(N)N=O)=NN,1,0,0,0,0,0,1,0,1,1
796,C=NC(=NC(=N)N(C)C(=C)C)NO,1,0,0,0,0,0,1,0,0,1
797,C=NC(N=N)=NC(=NO)N(C)C=O,1,1,0,0,0,0,1,0,1,1
798,C=NC(N=NC)=NC(=N)N(C)C=O,1,0,0,0,0,0,1,0,0,1
799,CN=C(N=C(N)N)N(C=O)C(N)O,1,0,0,0,0,0,1,0,1,1
800,C=C=C(C)N(C)C(=N)N=C(N)N=O,1,0,0,0,0,0,0,1,0,1
801,NCN(CN)C(N=C(N)N)=NNN,1,0,0,0,0,0,1,0,0,1
802,C=CN=C(N=C(N)N=O)N(C)C=C,1,1,0,0,0,0,1,0,0,1
803,C=NC(N=N)=NC(=N)N(C)C(N)=O,1,0,0,0,0,0,1,0,0,1
804,C=C(N)N=C(N=C(N)N=O)N(C)C,1,0,0,0,0,0,1,0,1,1
805,CNNC(N)=NC(=N)N(C=O)CO,1,0,0,0,0,0,1,0,1,1
806,C=NC(=NC(=N)N(C)C)NN=CC,1,0,0,0,0,0,1,0,0,1
807,C=NC(=NC(=N)N(C)C(C)=O)NO,1,0,0,0,0,0,1,1,0,1
808,C=CN=C(N=C(N=O)NN)N(C)C,1,0,0,0,0,0,1,0,0,1
809,CN(CCN)C(N=C(N)NN)=NN,1,0,0,0,0,0,1,0,1,1
810,CN(C(=N)N=C(N)N)C(N)C(N)N,1,0,0,0,0,0,1,0,1,1
811,C=NN=C(N=C(N)N)N(C)CCN,1,0,0,0,0,0,1,0,1,1
812,CN(C=O)C(=N)N=C(N=N)N=C=O,1,0,0,0,0,0,1,0,0,1
813,C=C(C)N(C)C(=N)N=C(N=O)NO,1,0,0,0,0,0,1,0,0,1
814,C=C(C=O)N(C)C(=N)N=C(N)N=O,1,0,0,0,0,0,1,0,0,1
815,C=NC(N=N)=NC(=N)N(C=O)CC,1,0,0,0,0,0,1,0,0,1
816,CN(C(=N)N=C(N)N)C(N)CNN,1,0,0,0,0,0,1,0,1,1
817,C=C(C)N=C(N=C(N)N)N(C)CC,1,0,0,0,0,0,1,0,0,1
818,C=C(C)N(C=O)C(=N)N=C(N)N=O,1,1,0,0,0,0,1,0,0,1
819,CN(CCN=O)C(N=C(N)N)=NN,1,0,0,0,0,0,1,0,1,1
820,C=C(C)N(C)C(=N)N=C(N=O)N=O,1,0,0,0,0,0,1,0,0,1
821,CN(CNN)C(=N)N=C(N)NN=O,1,0,0,0,0,0,1,0,0,1
822,C=CCN(C)C(=N)N=C(N=C)NO,1,0,0,0,0,0,1,1,0,1
823,C=NC(N=N)=NC(=NC)N(C)C=O,1,0,0,0,0,0,1,0,0,1
824,CN(CN=N)C(=N)N=C(N)NN=O,1,0,0,0,0,0,1,0,0,1
825,C=CN(CN)C(=N)N=C(N)NN=O,1,0,0,0,0,0,1,0,0,1
826,CN=C(N=C(N)N)N(C)C(N)CN,1,0,0,0,0,0,1,0,1,1
827,N=NNC(N)=NC(=N)N(C=O)CO,1,0,0,0,0,0,1,0,1,1
828,CN=C(N=C(N)N=O)N(C=O)CN,1,0,0,0,0,0,1,0,0,1
829,COCN(C=O)C(=N)N=C(N)NN,1,0,0,0,0,0,1,0,0,1
830,C=NC(N=N)=NC(=N)N(C)C(C)=O,1,0,0,0,0,0,1,0,0,1
831,C=NC(=NC(=N)N(C)CC=O)NO,1,0,0,0,0,0,1,0,0,1
832,C=C(C)N=C(N=C(N)NC)N(C)C,1,0,0,0,0,0,1,0,0,1
833,C=C(C)N=C(N=C(N)NO)N(C)C,1,0,0,0,0,0,1,0,0,1
834,CC(=N)N(C)C(=N)N=C(NO)NO,1,0,0,0,0,0,1,1,0,1
835,C=C(C)N=C(N=C(N)N)N(C)C=N,1,0,0,0,0,0,1,0,0,1
836,C=C(C)N(C)C(=N)N=C(N=O)NC,1,0,0,0,0,0,1,0,0,1
837,C=NC(=NC(=N)N(C)C)N(C)N=C,1,0,0,0,0,0,1,0,0,1
838,C=C(O)NC(N=O)=NC(=N)N(C)C,1,0,0,0,0,0,1,0,0,1
839,N=NCN(C=O)C(=N)N=C(N)N=O,1,1,0,0,0,0,1,0,0,1
840,NCN(C(N=C(N)N)=NN)C(N)O,1,0,0,0,0,0,0,0,1,1
841,CC(N=N)N(C=O)C(=N)N=C(N)N,1,0,0,0,0,0,1,0,1,1
842,CCN(CN)C(=N)N=C(N)NN=O,1,0,0,0,0,0,1,0,0,1
843,C=C(O)N=C(N=C(N)N=O)N(C)C,1,0,0,0,0,0,1,0,0,1
844,N=C(N=C(N)NN)N(C=O)C(N)O,1,0,0,0,0,0,1,0,1,1
845,CC=NC(N)=NC(=NC)N(C)C=N,1,0,0,0,0,0,1,0,0,1
846,N=C(N=C(N)N)N(C=C=O)C(=O)O,1,0,0,0,0,0,1,0,1,1
847,C=NC(N)=NC(=NC)N(C=N)CC,1,0,0,0,0,0,1,0,0,1
848,NCN(CN)C(N=C(N)N)=NN=O,1,0,0,0,0,0,1,0,1,1
849,C=NC(=NC(=N)N(C=O)CO)NN,1,0,0,0,0,0,1,0,1,1
850,C=NC(=NC(=NO)N(C)C)N(C)O,1,0,0,0,0,0,1,0,0,1
851,CN=C(N=C(N=O)N(C)C)N(C)C,1,0,0,0,0,0,1,0,0,1
852,N=CN(CCN)C(N=C(N)N)=NN,1,0,0,0,0,0,1,0,1,1
853,C=NC(N=O)=NC(=N)N(C)C(=C)C,1,0,0,0,0,0,1,0,0,1
854,CN(C(=N)N=C(N)N)C(CN)N=O,1,0,0,0,0,0,1,0,1,1
855,C=C(C)N(C)C(N=C(N)N=O)=NO,1,1,0,0,0,0,1,0,0,1
856,CN(CCNN)C(N=C(N)N)=NN,1,0,0,0,0,0,1,0,1,1
857,C=NCC(N)N(C)C(=N)N=C(N)N,1,0,0,0,0,0,1,0,1,1
858,CN=C(N=C(N)N)N(C=C=O)CO,1,0,0,0,0,0,1,0,1,1
859,CCN(CCN)C(N=C(N)N)=NN,1,0,0,0,0,0,1,0,0,1
860,C=NC(=NC(=N)N(C)C=O)N(C)O,1,0,0,0,0,0,1,0,0,1
861,CN(C=O)C(=N)N=C(N=N)N=CO,1,0,0,0,0,0,1,0,0,1
862,CN(CCN)C(=N)N=C(N)NC=N,1,0,0,0,0,0,1,0,1,1
863,CNC(N=O)=NC(=NC=N)N(C)C,1,0,0,0,0,0,1,0,0,1
864,CN=C(N=C(N=O)NCN)N(C)C,1,0,0,0,0,0,1,0,1,1
865,CC=NC(=NC(=N)N(C)C)N(C)O,1,0,0,0,0,0,1,1,0,1
866,C=NC(N)=NC(=N)N(C=O)CN=N,1,0,0,0,0,0,1,0,0,1
867,C=CNC(N=O)=NC(=N)N(C)C=N,1,0,0,0,0,0,1,0,0,1
868,C=NNC(N=C=N)=NC(=N)N(C)C,1,0,0,0,0,0,1,0,0,1
869,C=C(N)CN(C)C(N=C(N)N)=NN,1,0,0,0,0,0,1,0,0,1
870,C=CN(O)C(N=O)=NC(=N)N(C)C,1,0,0,0,0,0,1,0,0,1
871,C=NN=C(N=C(N)N)N(CN)CN,1,0,0,0,0,0,1,0,0,1
872,N=C(N=C(NN)NO)N(C=O)CO,1,0,0,0,0,0,1,0,0,1
873,C=CN(O)C(N=C)=NC(=N)N(C)C,1,0,0,0,0,0,1,1,0,1
874,CN(C(=N)N=C(N)N=O)C(N)CN,1,0,0,0,0,0,1,0,1,1
875,CN(CN=O)C(=N)N=C(N)NN=O,1,0,0,0,0,0,1,0,0,1
876,C=CN(CCN)C(N=C(N)N)=NN,1,1,0,0,0,0,1,0,0,1
877,C=NC(=NC(=N)N(C)C=N)N(C)O,1,0,0,0,0,0,1,1,0,1
878,CC(O)N(C=C=O)C(=N)N=C(N)N,1,0,0,0,0,0,1,0,0,1
879,CN(CC(N)=O)C(N=C(N)N)=NN,1,0,0,0,0,0,1,0,0,1
880,C=C=NC(=NC(=N)N(C)C)N(C)O,1,0,0,0,0,0,1,0,0,1
881,CCNC(N)=NC(=N)N(C)CCN,1,0,0,0,0,0,1,0,1,1
882,C=NC(=NC(=N)N(C)C)N(C)OC,1,0,0,0,0,0,1,0,0,1
883,N=C(N=C(N)NN)N(C=O)C(O)O,1,0,0,0,0,0,1,0,1,1
884,NN=C(N=C(N)NN)N(C=O)CO,1,0,0,0,0,0,1,0,1,1
885,CNC(N=O)=NC(=NCN)N(C)C,1,0,0,0,0,0,1,0,1,1
886,N=CN(C=O)C(=N)N=C(NO)NO,1,0,0,0,0,0,1,1,0,1
887,CN(O)C(N)=NC(=N)N(C)CCN,1,0,0,0,0,0,1,0,1,1
888,C=NC(N)=NC(=NC)N(C)C(=N)O,1,0,0,0,0,0,1,0,0,1
889,C=C(C)N=C(N=C(N)NN)N(C)C,1,0,0,0,0,0,1,0,1,1
890,C=CN(C=N)C(N=C(N)N=C)=NC,1,0,0,0,0,0,1,0,0,1
891,C=CN(C=N)C(=N)N=C(NO)NO,1,0,0,0,0,0,1,1,0,1
892,C=NC(=NC(=N)N(C=N)CC)NO,1,0,0,0,0,0,1,1,0,1
893,CN(C(N=C(N)N)=NN)C(O)CN,1,0,0,0,0,0,1,0,1,1
894,C=CNC(N=O)=NC(=NN)N(C)C,1,0,0,0,0,0,1,0,0,1
895,CN(C(=N)N=C(N)NN=O)C(N)=O,1,0,0,0,0,0,1,0,0,1
896,C=C(C)N=C(N=C(N)N=N)N(C)C,1,0,0,0,0,0,1,0,0,1
897,CN=C(N=C(N)N=C=O)N(C)C=N,1,0,0,0,0,0,1,0,0,1
898,C=NC(N)=NC(=NN)N(C)CCN,1,0,0,0,0,0,1,0,1,1
899,C=C(C)N(CO)C(=N)N=C(N)N=O,1,0,0,0,0,0,1,0,0,1
900,NN=C(N=C(N)N)N(C=C=O)CO,1,0,0,0,0,0,1,0,1,1
901,N=C(N=C(N)N)N(CN)C(N)CN,1,0,0,0,0,0,1,0,1,1
902,CN(C(=N)N=C(N)NN)C(N)CN,1,0,0,0,0,0,1,0,1,1
903,C=NC(=NC(=N)N(C)C)NN=CO,1,0,0,0,0,0,1,0,0,1
904,N=C(N=C(N)NO)N(C=C=O)CO,1,0,0,0,0,0,1,0,0,1
905,CN(CCN)C(N=C(N)N)=NN=N,1,0,0,0,0,0,1,0,1,1
906,CN(C=NN)C(=N)N=C(NO)NO,1,1,0,0,0,0,1,1,0,1
907,N=C(N=C(NN)NN)N(C=O)CO,1,0,0,0,0,0,1,0,1,1
908,CCN(C=N)C(=N)N=C(NO)NO,1,0,0,0,0,0,1,1,0,1
909,C=NC(=NC(=NC)N(C)C=N)NO,1,0,0,0,0,0,1,0,0,1
910,C=NC(=NC(=NC)N(C)C=N)NC,1,0,0,0,0,0,1,0,0,1
911,C=NNC(N=C)=NC(=N)N(C)CC,1,0,0,0,0,0,1,0,0,1
912,CNC(CN)N(C)C(=N)N=C(N)N,1,0,0,0,0,0,1,0,1,1
913,C=NC(CN)N(C)C(=N)N=C(N)N,1,0,0,0,0,0,1,0,1,1
914,C=NC(N)=NC(=NC)N(C=N)C=N,1,0,0,0,0,0,1,0,0,1
915,NCN(CN)C(N=C(N)N=O)=NN,1,0,0,0,0,0,1,0,0,1
916,C=C(C)N(C)C(=N)N=C(N=O)NN,1,0,0,0,0,0,1,0,0,1
917,N=C(N=C(N)NN)N(C=O)COO,1,0,0,0,0,0,1,0,0,1
918,C=NC(=NC(=N)N(C)C(C)C)NO,1,0,0,0,0,0,1,1,0,1
919,CN(CCN=N)C(N=C(N)N)=NN,1,0,0,0,0,0,1,0,0,1
920,C=C=NC(N)=NC(=NC)N(C)C=N,1,0,0,0,0,0,1,1,0,1
921,CN(CCN)C(N=C(N)N=N)=NN,1,0,0,0,0,0,1,0,1,1
922,CCN(C(=N)N=C(N)N)C(N)CN,1,0,0,0,0,0,1,0,1,1
923,CC(=CN)N(C)C(=N)N=C(N)N=O,1,0,0,0,0,0,1,0,0,1
924,N=NC(O)N(C=O)C(=N)N=C(N)N,1,0,0,0,0,0,1,0,1,1
925,CN(C)C(N=C(N)N=O)=NC=C=N,1,0,0,0,0,0,1,1,0,1
926,N=C(N=C(N)NN)N(C=C=O)CO,1,0,0,0,0,0,1,0,0,1
927,N=C(O)N(C=C=O)C(=N)N=C(N)N,1,0,0,0,0,0,1,0,0,1
928,CNC(N=N)=NC(=N)N(C)CCN,1,0,0,0,0,0,1,0,1,1
929,CN(C=N)C(N=C(NO)NO)=NO,1,0,0,0,0,0,1,1,0,1
930,CN(C)C(=N)N=C(N=CO)N(C)O,1,0,0,0,0,0,1,0,0,1
931,C=CN(C)C(=N)N=C(N=C)NN=C,1,0,0,0,0,0,1,0,0,1
932,C=C(O)N(C=O)C(=N)N=C(N)NN,1,0,0,0,0,0,1,0,1,1
933,C=C(C)N(CC)C(=N)N=C(N)N=O,1,0,0,0,0,0,1,0,0,1
934,NCN(C=O)C(N=C(N)N)=NC=O,1,0,0,0,0,0,1,0,1,1
935,CN(C)C(=N)N=C(N=C=N)N(C)O,1,0,0,0,0,0,1,0,0,1
936,CN(CN)C(=N)N=C(N)N(N)N=O,1,0,0,0,0,0,1,0,1,1
937,NCN(CN)C(N=C(N)N)=NNO,1,0,0,0,0,0,1,0,0,1
938,CN(CN)C(=N)N=C(N)N(C)N=O,1,0,0,0,0,0,1,0,1,1
939,C=NC(N)=NC(=NC=O)N(C)C=N,1,0,0,0,0,0,1,0,0,1
940,C=C(C)NC(N=O)=NC(=N)N(C)C,1,0,0,0,0,0,1,0,0,1
941,C=C(C)N(C)C(=N)N=C(N=N)N=O,1,0,0,0,0,0,1,0,0,1
942,C=CN(CC)C(=N)N=C(N=C)NO,1,0,0,0,0,0,1,0,0,1
943,N=C(N=C(N)N)N(C=O)CN=NN,1,0,0,0,0,0,1,0,1,1
944,CN=C(N=C(N)N=CN)N(C)C=N,1,0,0,0,0,0,1,1,0,1
945,CN(C(=N)N=C(N)N)C(N)CN=O,1,0,0,0,0,0,1,0,1,1
946,C=NC(=NC(=N)N(C)CN)N(C)O,1,0,0,0,0,0,1,0,0,1
947,CN(CC(N)N)C(N=C(N)N)=NN,1,0,0,0,0,0,1,0,1,1
948,CN(CCN)C(=N)N=C(N)NCO,1,0,0,0,0,0,1,0,1,1
949,C=NC(N)=NC(=NC)N(C)C=NC,1,0,0,0,0,0,1,0,0,1
950,CN(CC(=N)N)C(N=C(N)N)=NN,1,0,0,0,0,0,1,0,0,1
951,N=C(N=C(N)NN)N(C=O)C(=O)O,1,1,0,0,0,0,1,0,1,1
952,C=NC(=NC(=N)N(C)CC)NOO,1,0,0,0,0,0,1,0,0,1
953,CN(C=N)C(=N)N=C(NO)NOO,1,0,0,0,0,0,1,1,1,1
954,NCN(C(N)=O)C(N=C(N)N)=NN,1,0,0,0,0,0,1,0,1,1
955,N=C(N=C(N=O)NN)N(C=O)CO,1,0,0,0,0,0,1,0,1,1
956,C=NNC(N=C)=NC(=N)N(C)CN,1,0,0,0,0,0,1,0,0,1
957,CN(CN)C(N=C(N)NN=O)=NO,1,0,0,0,0,0,1,0,0,1
958,CN(CN)C(=N)N=C(N=O)NN=O,1,0,0,0,0,0,1,0,0,1
959,CC(=C=O)N=C(N=C(N)N)N(C)C,1,0,0,0,0,0,1,0,1,1
960,CNC(N)=NC(=N)N(C)CC(C)N,1,0,0,0,0,0,1,0,1,1
961,CNC(N=O)=NC(=NCO)N(C)C,1,0,0,0,0,0,1,0,1,1
962,CNC(=NC(=N)N(C)CCN)NC,1,0,0,0,0,0,1,0,1,1
963,C=C(N)CN(C)C(=N)N=C(N)NC,1,0,0,0,0,0,1,0,0,1
964,C=NC(=NC(=N)N(C)CCC)NO,1,0,0,0,0,0,1,1,0,1
965,C=NC(=NC(=NC)N(C)CC)NO,1,0,0,0,0,0,1,1,0,1
966,N=CN(C(=N)N=C(N)N)C(N)CN,1,0,0,0,0,0,1,0,1,1
967,C=C=NC(N=N)=NC(=N)N(C)C=O,1,0,0,0,0,0,1,0,0,1
968,CN(C(=O)CN)C(N=C(N)N)=NN,1,0,0,0,0,0,1,0,1,1
969,CC=C(C)N=C(N=C(N)N)N(C)C,1,0,0,0,0,0,1,0,1,1
970,C=NC(N)=NC(=NC)N(C)C=NN,1,0,0,0,0,0,1,0,1,1
971,C=NC(=NC(=NO)N(C)CC)NO,1,0,0,0,0,0,1,1,0,1
972,C=C(CN)N(C)C(N=C(N)N)=NN,1,0,0,0,0,0,1,0,1,1
973,N=C(N=C(N)N)N(C=C=O)COO,1,0,0,0,0,0,1,0,0,1
974,NCN(CN)C(N=C(N)NN)=NN,1,0,0,0,0,0,1,0,1,1
975,C=NC(=NC(=N)N(C)C)NN=C=N,1,0,0,0,0,0,1,0,0,1
976,N=CN=C(N=C(N)N)N(C=O)CN,1,0,0,0,0,0,1,0,1,1
977,C=NC(=NC(=N)N(C)C)N(O)N=C,1,0,0,0,0,0,1,0,0,1
978,N=NCN(C=O)C(=N)N=C(N)N=N,1,0,0,0,0,0,1,0,0,1
979,C=CN(N)C(N=O)=NC(=N)N(C)C,1,0,0,0,0,0,1,0,0,1
980,N=NC(N)=NC(=NN)N(CN)CN,1,0,0,0,0,0,1,0,1,1
981,CN(CCN)C(N=C(N)NO)=NN,1,0,0,0,0,0,1,0,0,1
982,CN(C=O)C(=N)N=C(N=N)N=CN,1,0,0,0,0,0,1,0,0,1
983,CN(C)C(N=C(N)N=O)=NC=C=O,1,0,0,0,0,0,1,0,0,1
984,CN(C(=N)N=C(N)N)C(N)C(N)O,1,0,0,0,0,0,1,0,1,1
985,C=C=NC(=NC(=N)N(C)CC)NO,1,0,0,0,0,0,1,1,0,1
986,CCN(CCN)C(=N)N=C(N)NC,1,0,0,0,0,0,1,0,1,1
987,CNC(=NC(=N)N(C=O)CO)NN,1,0,0,0,0,0,1,0,1,1
988,CN=C(N=C(N=O)NC=N)N(C)C,1,0,0,0,0,0,1,0,0,1
989,CN(CCN)C(N=C(N)N)=NNO,1,0,0,0,0,0,1,0,1,1
990,NCN(CNN)C(N=C(N)N)=NN,1,0,0,0,0,0,1,0,1,1
991,CN=C(N=C(N)N)N(C=O)C(N)N,1,0,0,0,0,0,1,0,0,1
992,C=NC(=NC(=N)N(C)C)N(O)C=O,1,0,0,0,0,0,1,1,0,1
993,C=C(C)N(CN)C(=N)N=C(N)N=O,1,0,0,0,0,0,1,0,0,1
994,C=CNC(N)=NC(=N)N(C)CCN,1,0,0,0,0,0,1,0,0,1
995,C=NC(N)=NC(=NC)N(C=N)CN,1,0,0,0,0,0,1,0,1,1
996,C=C(CC)N(C)C(=N)N=C(N)N=O,1,0,0,0,0,0,1,0,0,1
997,CN=C(N=C(N=O)NC)N(C)C=N,1,0,0,0,0,0,1,0,0,1
998,N=C(N=C(N)N)N(C=C=O)CON,1,0,0,0,0,0,1,0,1,1
999,CN(CCN)C(N=C(N)N)=NN=O,1,0,0,0,0,0,1,0,0,1
1000,C=C=NNC(N=C)=NC(=N)N(C)C,1,0,0,0,0,0,1,0,0,1
1001,C=NNC(N=CO)=NC(=N)N(C)C,1,1,0,0,0,0,1,1,0,1
1002,CCNC(N=O)=NC(=NC)N(C)C,1,0,0,0,0,0,1,0,0,1
1003,CN(C(=N)N=C(N)N)C(CN)NO,1,0,0,0,0,0,1,0,1,1
1004,C=NC(=NC(=N)N(C)CC)NOC,1,0,0,0,0,0,1,0,0,1
1005,N=CN(CN)C(=N)N=C(NO)NO,1,1,0,0,0,0,1,0,0,1
1006,C=NC(=NC(=N)N(C)CC)N(O)O,1,0,0,0,0,0,1,0,0,1
1007,C=NC(N)=NC(=NC(=C)C)N(C)C,1,0,0,0,0,0,1,0,0,1
1008,C=C(CN)N(C)C(=N)N=C(N)NC,1,0,0,0,0,0,1,0,1,1
1009,CNC(N)=NC(=NN)N(CN)CN,1,0,0,0,0,0,1,0,0,1
1010,C=C=NC(=NC(=N)N(C)C)NN=C,1,0,0,0,0,0,1,0,0,1
1011,C=CN(CCN)C(=N)N=C(N)NC,1,0,0,0,0,0,1,0,1,1
1012,N=C(N=C(N)NN=O)N(CN)CO,1,0,0,0,0,0,1,0,1,1
1013,C=NC(N)=NC(=NCC)N(C)C=N,1,0,0,0,0,0,1,0,0,1
1014,CNC(N)=NC(=N)N(C)C(=O)CN,1,0,0,0,0,0,1,0,1,1
1015,CN(C)C(=N)N=C(N=C=O)N(C)O,1,0,0,0,0,0,1,0,0,1
1016,CONC(=NC(=N)N(C)C=N)NO,1,0,0,0,0,0,1,1,0,1
1017,C=NC(=NC(=N)N(C)CC)N(C)O,1,0,0,0,0,0,1,0,0,1
1018,CC(N)CN(C)C(N=C(N)N)=NN,1,0,0,0,0,0,1,0,0,1
1019,CCN(C)C(=N)N=C(N=C=N)NO,1,0,0,0,0,0,1,0,0,1
1020,C=CN(C(=N)N=C(N)N)C(N)CN,1,0,0,0,0,0,1,0,1,1
1021,CN(CN)C(=N)N=C(N)N(O)N=O,1,0,0,0,0,0,1,0,1,1
1022,N=C(N=C(N)N(N)O)N(C=O)CO,1,0,0,0,0,0,1,0,1,1
1023,N=CN(C=N)C(=N)N=C(NO)NO,1,0,0,0,0,0,1,0,0,1
1024,CNC(N)=NC(=N)N(C)C(N)CN,1,0,0,0,0,0,1,0,1,1
1025,CC(=C=O)N(C)C(=N)N=C(N)N=O,1,0,0,0,0,0,0,1,0,1
1026,N=C(N=C(N)NN)N(CO)C(=O)O,1,0,0,0,0,0,1,0,1,1
1027,CNC(N)=NC(=N)N(C)CCN=N,1,0,0,0,0,0,1,0,0,1
1028,NNC(N)=NC(=NO)N(C=O)CO,1,0,0,0,0,0,1,0,1,1
1029,CC(=C=N)N(C)C(=N)N=C(N)N=O,1,0,0,0,0,0,0,1,0,1
1030,CN(C(N=C(N)N)=NN)C(N)CN,1,0,0,0,0,0,1,0,0,1
1031,CN=C(N=C(N=O)NCO)N(C)C,1,0,0,0,0,0,1,0,1,1
1032,C=C=CNC(N=O)=NC(=N)N(C)C,1,0,0,0,0,0,1,0,0,1
1033,C=NNC(N=C)=NC(=NN)N(C)C,1,0,0,0,0,0,1,0,0,1
1034,CNC(N)=NC(=NN)N(C)CCN,1,0,0,0,0,0,1,0,1,1
1035,C=CN=C(N=C(N=N)N=O)N(C)C,1,0,0,0,0,0,1,0,0,1
1036,CN(C(=N)N=C(N)N)C(N)C(=N)N,1,0,0,0,0,0,1,0,1,1
1037,COCN(C=C=O)C(=N)N=C(N)N,1,0,0,0,0,0,1,0,1,1
1038,C=NC(N=C)=NC(=NC)N(C)C=N,1,0,0,0,0,0,1,0,0,1
1039,CN(CNO)C(=N)N=C(N)NN=O,1,0,0,0,0,0,1,0,0,1
1040,CNC(=NC(=N)N(C)CCN)NO,1,0,0,0,0,0,1,0,1,1
1041,CN(C(=N)N=C(N)NO)C(N)CN,1,0,0,0,0,0,1,0,1,1
1042,CCN=C(N=C(N=O)NC)N(C)C,1,0,0,0,0,0,1,0,0,1
1043,CN(C(=N)N=C(N)N)C(CN)NN,1,0,0,0,0,0,1,0,1,1
1044,CC(=CN)N=C(N=C(N)N)N(C)C,1,0,0,0,0,0,1,0,1,1
1045,CC(O)N(C=O)C(=N)N=C(N)NN,1,0,0,0,0,0,1,0,1,1
1046,CN=CN(C)C(=N)N=C(NO)NO,1,0,0,0,0,0,1,1,0,1
1047,N=CN(CN)C(=N)N=C(N)NN=O,1,0,0,0,0,0,1,0,1,1
1048,C=C(C)N(C)C(N=C(N)N=O)=NC,1,1,0,0,0,0,1,0,0,1
1049,N=C(N)N(CN)C(N=C(N)N)=NN,1,0,0,0,0,0,1,0,1,1
1050,CCN(C)C(=N)N=C(N=C=O)NO,1,0,0,0,0,0,1,1,0,1
1051,N=C(N=C(N)NN)N(C=O)CON,1,0,0,0,0,0,1,0,0,1
1052,N=C(N=C(N)N)N(C=C=O)C(N)O,1,0,0,0,0,0,1,0,1,1
1053,C=C(CO)N=C(N=C(N)N)N(C)C,1,0,0,0,0,0,1,0,1,1
1054,C=CC(=C)N=C(N=C(N)N)N(C)C,1,0,0,0,0,0,1,0,0,1
1055,C=NC(N)=NC(=N)N(C=C=O)CO,1,0,0,0,0,0,1,0,0,1
1056,NCCN(CN)C(N=C(N)N)=NN,1,0,0,0,0,0,1,0,0,1
1057,C=NC(N)=NC(=NCO)N(C)C=N,1,0,0,0,0,0,1,0,0,1
1058,CN(C(=N)N=C(N)NN=O)C(N)O,1,0,0,0,0,0,1,0,1,1
1059,CN(C)C(N=C(N)N=O)=NC=CN,1,0,0,0,0,0,1,0,0,1
1060,N=C(N=C(N)NN)N(CO)C(N)=O,1,0,0,0,0,0,1,0,1,1
1061,C=C(N)N(C)C(=N)N=C(N)NN=O,1,0,0,0,0,0,1,0,0,1
1062,C=NC(=NC(=N)N(CC)CN)NO,1,0,0,0,0,0,1,0,0,1
1063,N=NC(N)N(C=O)C(=N)N=C(N)N,1,0,0,0,0,0,1,0,1,1
1064,CC(N)N(C)C(=N)N=C(N)NN=O,1,0,0,0,0,0,1,0,0,1
1065,CN(C)C(N=C(N)N=O)=NC=CO,1,0,0,0,0,0,1,0,0,1
1066,C=CN=C(N=C(N)N=C)N(C)C=N,1,0,0,0,0,0,1,1,0,1
1067,CC(N)N(CN)C(N=C(N)N)=NN,1,0,0,0,0,0,1,0,1,1
1068,CNC(=NC(=N)N(C)CCN)NN,1,0,0,0,0,0,1,0,1,1
1069,C=C(N)NC(N=O)=NC(=N)N(C)C,1,0,0,0,0,0,1,0,0,1
1070,C=NNC(N=CN)=NC(=N)N(C)C,1,1,0,0,0,0,1,0,0,1
1071,N=NCN(C=O)C(N=C(N)N)=NO,1,0,0,0,0,0,1,0,0,1
1072,CN(CN)C(=N)N=C(NN)NN=O,1,0,0,0,0,0,1,0,0,1
1073,C=NCCN(C)C(=N)N=C(N)NC,1,0,0,0,0,0,1,0,1,1
1074,CC(=O)N(CN=N)C(=N)N=C(N)N,1,0,0,0,0,0,1,0,1,1
1075,CNC(N)=NC(=N)N(C)CCN=O,1,0,0,0,0,0,1,0,0,1
1076,C=CNC(N=O)=NC(=N)N(C)C=C,1,0,0,0,0,0,1,0,0,1
1077,C=NC(N=O)=NC(=NC)N(C)C=N,1,0,0,0,0,0,1,0,0,1
1078,C=NC(N=N)=NC(=NN)N(C)C=O,1,0,0,0,0,0,1,0,0,1
1079,NCN(CNO)C(N=C(N)N)=NN,1,0,0,0,0,0,1,0,0,1
1080,C=NC(N)=NC(=NC=N)N(C)C=N,1,0,0,0,0,0,1,1,0,1
1081,NC(N)=NC(=NO)N(C=C=O)CO,1,0,0,0,0,0,1,0,1,1
1082,CC=CNC(N=O)=NC(=N)N(C)C,1,0,0,0,0,0,1,0,0,1
1083,CNC(N)=NC(=N)N(CN)CCN,1,0,0,0,0,0,1,0,1,1
1084,C=C(C=O)N=C(N=C(N)N)N(C)C,1,0,0,0,0,0,1,0,1,1
1085,C=NCN(C)C(=N)N=C(N)NN=O,1,0,0,0,0,0,1,0,0,1
1086,CN=C(N=C(N=O)N(C)N)N(C)C,1,0,0,0,0,0,1,0,0,1
1087,CN=C(N=C(N)N)N(CN)C(=O)O,1,0,0,0,0,0,1,0,1,1
1088,CNCC(N)N(C)C(=N)N=C(N)N,1,0,0,0,0,0,1,0,1,1
1089,CN(C(=N)N=C(N)N)C(N)CNO,1,0,0,0,0,0,1,0,1,1
1090,CN(C=N)C(=N)N=C(NO)N(O)O,1,0,0,0,0,0,1,1,0,1
1091,C=NC(=NC(=N)N(CC)CO)NO,1,0,0,0,0,0,1,0,1,1
1092,NCN(C(N=C(N)N)=NN)C(N)N,1,0,0,0,0,0,1,0,0,1
1093,CN(C=N)C(=N)N=C(NO)N(N)O,1,0,0,0,0,0,1,0,0,1
1094,CNCN(CN)C(N=C(N)N)=NN,1,0,0,0,0,0,1,0,1,1
1095,CN(CCN)C(=N)N=C(N)NCN,1,0,0,0,0,0,1,0,1,1
1096,C=NC(=NC(=N)N(C)C)N(O)CN,1,0,0,0,0,0,1,0,0,1
1097,CN(C(=N)O)C(=N)N=C(NO)NO,1,0,0,0,0,0,1,1,0,1
1098,CNC(N)=NC(=N)N(C)C(O)CN,1,0,0,0,0,0,1,0,1,1
1099,C=NC(=NC(=N)N(C)CCN)NO,1,0,0,0,0,0,1,0,0,1
1100,C=NC(N)=NC(=NC)N(C=N)C=O,1,0,0,0,0,0,1,0,0,1
1101,C=C(N)N(CN)C(N=C(N)N)=NN,1,1,0,0,0,0,1,0,1,1
1102,CN(C(=N)N=C(N)N)C(CN)N=N,1,0,0,0,0,0,1,0,1,1
1103,CN=C(N=C(N)N)N(CN)C(N)=O,1,0,0,0,0,0,1,0,1,1
1104,CN=C(N=C(N)N=CO)N(C)C=N,1,0,0,0,0,0,1,0,1,1
1105,CN(C(=N)N)C(=N)N=C(N)NN=O,1,0,0,0,0,0,1,0,0,1
1106,C=CN(C)C(N=O)=NC(=N)N(C)C,1,0,0,0,0,0,1,1,0,1
1107,C=NCCN(C)C(N=C(N)N)=NN,0,1,0,0,0,0,1,0,1,1
1108,CN(N)C(N)=NC(=N)N(C=O)CO,0,0,0,0,0,0,1,0,1,1
1109,NCN(CN=O)C(N=C(N)N)=NN,0,0,0,0,0,0,1,0,1,1
1110,CN(C=NO)C(=N)N=C(NO)NO,0,1,0,0,0,0,1,1,0,1
1111,CNC(N)=NC(=N)N(C=C=O)CO,0,0,0,0,0,0,1,0,1,1
1112,C=NC(N)=NC(=NN)N(CN)CN,0,0,0,0,0,0,1,0,0,1
1113,N=C(N=C(N)N)N(CO)C(N)CN,0,0,0,0,0,0,1,0,1,1
1114,CC(CN)N(C)C(N=C(N)N)=NN,0,0,0,0,0,0,1,0,1,1
1115,CN(C(=N)N=C(N)N=N)C(N)CN,0,0,0,0,0,0,1,0,1,1
1116,C=NC(N)=NC(=NC)N(C)C(=N)N,0,0,0,0,0,0,1,0,1,1
1117,N=NC(N)=NC(=N)N(C=C=O)CO,0,0,0,0,0,0,1,0,0,1
1118,C=C(N=N)N(C=O)C(=N)N=C(N)N,0,0,0,0,0,0,1,0,1,1
1119,C=C=C(C)N=C(N=C(N)N)N(C)C,0,0,0,0,0,0,1,0,1,1
1120,CCN(C)C(=N)N=C(N=CN)NO,0,0,0,0,0,0,1,1,0,1
1121,N=C(N=C(N)N(N)N)N(C=O)CO,0,0,0,0,0,0,1,0,1,1
1122,CC=C(C)N(C)C(=N)N=C(N)N=O,0,0,0,0,0,0,1,1,0,1
1123,CN(C(=N)N=C(N)N)C(N)CN=N,0,0,0,0,0,0,1,0,1,1
1124,CN=C(N=C(N)N)N(C=O)C(N)=O,0,0,0,0,0,0,1,0,0,1
1125,C=NC(=NC(=N)N(C)C)N(C)ON,0,0,0,0,0,0,1,0,0,1
1126,CN(C)C(N)=NC(=N)N(C)CCN,0,0,0,0,0,0,1,0,1,1
1127,CC(=C=N)N=C(N=C(N)N)N(C)C,0,0,0,0,0,0,1,0,1,1
1128,C=NC(=NC(=N)N(C)CC)N(N)O,0,0,0,0,0,0,1,0,0,1
1129,CNC(N=O)=NC(=NC=O)N(C)C,0,0,0,0,0,0,1,0,0,1
1130,CN(C)C(=N)N=C(N=O)NC=CO,0,0,0,0,0,0,1,1,0,1
1131,N=CN(CO)C(=N)N=C(NO)NO,0,1,0,0,0,0,1,1,1,1
1132,CN(C=N)C(=N)N=C(NO)NON,0,0,0,0,0,0,1,0,0,1
1133,C=NCN(CN)C(N=C(N)N)=NN,0,0,0,0,0,0,1,0,0,1
1134,C=NC(N=N)=NC(=NC)N(C)C=N,0,0,0,0,0,0,1,0,0,1
1135,NCN(CN)C(N=C(N)NO)=NN,0,0,0,0,0,0,1,0,0,1
1136,CN(C(=N)N=C(N)N)C(N)(N)CN,0,0,0,0,0,0,1,0,1,1
1137,CN(C(N=C(N)N)=NO)C(N)CN,0,0,0,0,0,0,1,0,0,1
1138,CN(CCN)C(=N)N=C(N)NC=O,0,0,0,0,0,0,1,0,1,1
1139,C=NC(N)=NC(=NCN)N(C)C=N,0,0,0,0,0,0,1,0,1,1
1140,CN(C(=N)N=C(N)N)C(N)C(N)=O,0,0,0,0,0,0,1,0,1,1
1141,C=NC(=NC(=N)N(C)CCO)NO,0,0,0,0,0,0,1,0,0,1
1142,C=NC(=NC(=N)N(C)C)N(O)C=N,0,0,0,0,0,0,1,1,0,1
1143,C=C(N)N(C=O)C(N=C(N)N)=NC,0,0,0,0,0,0,1,0,0,1
1144,CN=C(N=C(N=O)NC=O)N(C)C,0,0,0,0,0,0,1,0,0,1
1145,CN=C(N=C(N)NC)N(C)CCN,0,0,0,0,0,0,1,0,1,1
1146,C=NC(=NC(=N)N(C)C)N(O)CC,0,0,0,0,0,0,1,0,0,1
1147,CNC(N)=NC(=N)N(C)C(=N)CN,0,0,0,0,0,0,1,0,1,1
1148,NCCN(CO)C(N=C(N)N)=NN,0,0,0,0,0,0,1,0,1,1
1149,CNC(N)=NC(=N)N(C)CC(=N)N,0,0,0,0,0,0,1,0,0,1
1150,CN=C(N=C(N)N=C=N)N(C)C=N,0,0,0,0,0,0,1,1,0,1
1151,CCN(C)C(=N)N=C(N=CO)NO,0,1,0,0,0,0,1,1,0,1
1152,N=C(N=C(N)N)N(CO)C(N)=C=O,0,0,0,0,0,0,0,0,1,1
1153,CN(CN)C(=N)N=C(NO)NN=O,0,0,0,0,0,0,1,0,0,1
1154,CNC(N)=NC(=N)N(C)CCNN,0,0,0,0,0,0,1,0,1,1
1155,CN(C(=N)N=C(N)N)C(C)(N)CN,0,0,0,0,0,0,1,0,1,1
1156,C=NC(=NC(=NN)N(C)CC)NO,0,0,0,0,0,0,1,0,0,1
1157,CN(C)C(=N)N=C(N=O)NC=C=N,0,0,0,0,0,0,1,0,0,1
1158,CC=CN=C(N=C(N)N=O)N(C)C,0,0,0,0,0,0,1,1,0,1
1159,CC(=CO)N(C)C(=N)N=C(N)N=O,0,0,0,0,0,0,1,0,0,1
1160,C=NC(=NC(=N)N(C)C)N(N)N=C,0,0,0,0,0,0,1,0,0,1
1161,N=NCN(C(=N)N=C(N)N)C(=O)O,0,0,0,0,0,0,1,0,1,1
1162,CN=C(N=C(N)N)N(CN)C(C)=O,0,0,0,0,0,0,1,0,1,1
1163,CNC(N)=NC(=N)N(CO)CCN,0,0,0,0,0,0,1,0,1,1
1164,CN(C)C(=N)N=C(N=O)NC=CN,0,0,0,0,0,0,1,0,0,1
1165,CN=C(N=C(NO)NO)N(C)C=N,0,0,0,0,0,0,1,1,0,1
1166,CN(C=N)C(N=C(NO)NO)=NN,0,0,0,0,0,0,1,1,0,1
1167,C=C(C=N)N=C(N=C(N)N)N(C)C,0,0,0,0,0,0,1,0,0,1
1168,C=NC(=NC(=N)N(C)C)N(O)CO,0,0,0,0,0,0,1,0,0,1
1169,C=NC(=NC(=N)N(C)C(C)N)NO,0,0,0,0,0,0,1,0,1,1
1170,N=NN=C(N=C(N)N)N(CN)CN,0,0,0,0,0,0,1,0,1,1
1171,N=C(O)N(C=O)C(=N)N=C(N)NN,0,0,0,0,0,0,1,0,0,1
1172,C=NC(N)=NC(=NC)N(C=N)CO,0,0,0,0,0,0,1,0,1,1
1173,CN(C(=N)N)C(=N)N=C(NO)NO,0,0,0,0,0,0,1,0,0,1
1174,N=NCN(CN)C(N=C(N)N)=NN,0,0,0,0,0,0,1,0,1,1
1175,CC(=CO)N=C(N=C(N)N)N(C)C,0,0,0,0,0,0,1,0,1,1
1176,CNC(N)=NC(=N)N(C)CC(N)N,0,0,0,0,0,0,1,0,1,1
1177,CNC(N)=NC(=N)N(C)CC(N)=O,0,0,0,0,0,0,1,0,1,1
1178,CN(C)C(=N)N=C(N=O)NC=C=O,0,0,0,0,0,0,1,0,0,1
1179,CNC(N)=NC(=N)N(C)CC(N)O,0,0,0,0,0,0,1,0,1,1
1180,CN(O)C(=NC(=N)N(C)C=N)NO,0,0,0,0,0,0,1,1,0,1
1181,C=NC(=NC(=N)N(C)CC)NON,0,0,0,0,0,0,1,0,0,1
1182,N=NC(=O)N(C=O)C(=N)N=C(N)N,0,0,0,0,0,0,1,0,0,1
1183,C=C(N)C(N)N(C)C(=N)N=C(N)N,0,0,0,0,0,0,1,0,1,1
1184,CN(C(=N)CN)C(N=C(N)N)=NN,0,0,0,0,0,0,1,0,1,1
1185,CC(=C=O)N(CO)C(=N)N=C(N)N,0,0,0,0,0,0,1,0,1,1
1186,CNC(N)=NC(=N)N(C)CCNO,0,0,0,0,0,0,1,0,1,1
1187,N=NC(=N)N(C=O)C(=N)N=C(N)N,0,0,0,0,0,0,1,0,1,1
1188,CN(C(=N)N=C(N)N)C(N)(O)CN,0,0,0,0,0,0,1,0,1,1
1189,C=NC(=NC(=N)N(C)C(C)O)NO,0,0,0,0,0,0,1,0,0,1
1190,CN(CC(N)O)C(N=C(N)N)=NN,0,0,0,0,0,0,1,0,1,1
1191,C=C(CC)N=C(N=C(N)N)N(C)C,0,0,0,0,0,0,1,0,1,1
1192,CN(C)C(=N)N=C(N=CN)N(C)O,0,0,0,0,0,0,1,0,0,1
1193,CNCCN(C)C(=N)N=C(N)NC,0,0,0,0,0,0,1,0,1,1
1194,CNC(N)=NC(=NO)N(C)CCN,0,0,0,0,0,0,1,0,1,1
1195,C=C(CN)N=C(N=C(N)N)N(C)C,0,0,0,0,0,0,1,0,1,1
1196,N=NCN(C(=N)N=C(N)N)C(N)=O,0,0,0,0,0,0,1,0,1,1
1197,CN(N)C(N)=NC(=N)N(C)CCN,0,0,0,0,0,0,1,0,1,1
1198,C=NC(=NC(=NN)N(C)C)N(C)O,0,0,0,0,0,0,1,0,0,1
1199,N=C(N=C(N)N)N(CO)C(O)=C=O,0,0,0,0,0,0,1,0,0,1
1200,CNC(N)=NC(=N)N(C)C(C)CN,0,0,0,0,0,0,1,0,1,1
1201,CN=C(N=C(N=O)NC)N(C)COC,1,0,0,0,0,0,1,0,0,1
1202,C=CNC(N=O)=NC(=NC)N(C)CO,1,0,0,0,0,0,1,0,0,1
1203,C=NC(=NC(=N)N(C)CC=N)N(C)O,1,0,0,0,0,0,1,1,0,1
1204,C=CCN(C)C(N=C(N)N=O)=NC=C,1,0,0,0,0,0,1,1,0,1
1205,C=CN=C(N=C(N=O)NO)N(C)CC,1,0,0,0,0,0,1,0,0,1
1206,CC=NC(=NC(=N)N(C)C)NN=C=O,1,0,0,0,0,0,1,0,0,1
1207,CC(N)CN(C=O)C(N=C(N)N)=NN,1,0,0,0,0,0,1,0,1,1
1208,C=CN=C(N=C(N=O)NO)N(C)C=O,1,0,0,0,0,0,1,0,0,1
1209,C=C(C)N=C(N=C(N)N=O)N(C)CC,1,0,0,0,0,0,1,1,0,1
1210,N=NCN(C=O)C(=N)N=C(N)NCN,1,0,0,0,0,0,1,0,1,1
1211,C=NC(=NC(=N)N(C)CC=NC)NO,1,0,0,0,0,0,1,0,1,1
1212,N=NC(N)=NC(=N)N(C=C=O)C(O)O,1,0,0,0,0,0,1,0,0,1
1213,CN=C(N=C(N=O)NC)N(CO)CO,1,0,0,0,0,0,1,0,1,1
1214,NC(N)=NC(=NCO)N(C=O)C(N)O,1,0,0,0,0,0,1,0,1,1
1215,C=CN=C(N=C(N)N=O)N(C)CC=O,1,0,0,0,0,0,1,0,0,1
1216,C=CN=C(N=C(N=O)N(O)O)N(C)C,1,0,0,0,0,0,1,0,0,1
1217,NNCN(C=O)C(N=C(N)N)=NCO,1,0,0,0,0,0,1,0,1,1
1218,C=CN=C(N=C(N)N=O)N(C)C(C)C,1,0,0,0,0,0,1,0,0,1
1219,C=NC(=NC(=N)N(C)CO)NN=C=O,1,0,0,0,0,0,1,0,0,1
1220,C=CN=C(N=C(N)N=O)N(C)CC=N,1,1,0,0,0,0,1,0,0,1
1221,C=NC(N=NO)=NC(=N)N(C=O)C=O,1,0,0,0,0,0,1,0,0,1
1222,C=NC(=NC(=NO)N(C)C)NN=C=O,1,0,0,0,0,0,1,0,0,1
1223,CC(O)N=C(N=C(N)N)N(C=O)CN,1,0,0,0,0,0,1,0,1,1
1224,C=CN=C(N=C(N=O)NO)N(C)CO,1,0,0,0,0,0,1,0,0,1
1225,CNC(N)=NC(=NN)N(C=O)CCN,1,0,0,0,0,0,1,0,0,1
1226,CN=C(N=C(N=O)NC)N(C=O)CO,1,0,0,0,0,0,1,0,1,1
1227,C=C=NC(N)=NC(=NC)N(C)C=NO,1,0,0,0,0,0,1,0,0,1
1228,NN=C(N=C(N)N)N(C=O)CCNN,1,1,0,0,0,0,1,0,1,1
1229,CNC(N=O)=NC(=NCN)N(C)CO,1,0,0,0,0,0,1,0,1,1
1230,NCCN(C=O)C(N=C(N)N)=NNO,1,0,0,0,0,0,1,0,1,1
1231,C=C=NC(=NC(=N)N(C)C)NN=C=O,1,0,0,0,0,0,1,0,0,1
1232,C=CN=C(N=C(N)N=O)N(C)C(C)O,1,0,0,0,0,0,1,1,0,1
1233,C=CN=C(N=C(N=O)N(C)O)N(C)C,1,0,0,0,0,0,1,0,0,1
1234,CN=C(N=C(N=O)NC)N(C)C(C)O,1,0,0,0,0,0,1,0,0,1
1235,C=C=C(C)N(C=C)C(=N)N=C(N)N=O,1,0,0,0,0,0,1,0,0,1
1236,NCN(C=O)C(N=C(N)NN)=NCO,1,0,0,0,0,0,1,0,1,1
1237,C=CN=C(N=C(N)N=O)N(C)CCN,1,0,0,0,0,0,1,0,0,1
1238,C=NC(=NC(=N)N(C=N)CC=N)NO,1,0,0,0,0,0,1,1,1,1
1239,C=CN(C=NO)C(N=C(N)N=C)=NC,1,0,0,0,0,0,1,1,0,1
1240,CNCCN(C=O)C(N=C(N)N)=NN,1,1,0,0,0,0,1,0,1,1
1241,NCCN(C=O)C(N=C(N)N)=NNN,1,0,0,0,0,0,1,0,1,1
1242,CN=C(N=C(N=O)NC)N(C)COO,1,0,0,0,0,0,1,0,0,1
1243,N=C(N=C(N)NO)N(C=C=O)C(O)O,1,0,0,0,0,0,1,0,1,1
1244,C=NC(N)=NC(=NNN)N(C)CCN,1,0,0,0,0,0,1,0,1,1
1245,C=CN=C(N=C(N)N=O)N(C)CCC,1,0,0,0,0,0,1,1,0,1
1246,C=CN(CO)C(N=C(N=O)NC)=NC,1,0,0,0,0,0,1,0,0,1
1247,CN(CCN)C(N=C(N)N=N)=NNN,1,0,0,0,0,0,1,0,1,1
1248,C=CN(C(=N)N=C(N)N=O)C(C)=CC,1,0,0,0,0,0,1,0,0,1
1249,CN(CCN)C(N=C(N)N)=NNNN,1,0,0,0,0,0,1,0,0,1
1250,NCCN(C=O)C(N=C(N)NN)=NN,1,0,0,0,0,0,1,0,1,1
1251,CNC(N)=NC(=N)N(C=C=O)C(O)O,1,0,0,0,0,0,1,0,1,1
1252,C=CN(C(=N)N=C(N)N=O)C(C)=C=O,1,1,0,0,0,0,1,1,0,1
1253,C=C(C)N(C=CC)C(=N)N=C(N)N=O,1,0,0,0,0,0,1,0,0,1
1254,CNC(N)=NC(=N)N(C=O)CN=NO,1,0,0,0,0,0,1,0,0,1
1255,C=NC(=NC(=N)N(CC)CC=N)NO,1,0,0,0,0,0,1,1,0,1
1256,C=NC(=NC(=N)N(C=O)CN=N)NC,1,0,0,0,0,0,1,0,0,1
1257,C=CN(C(=C)C)C(N=C(N)N=O)=NO,1,1,0,0,0,0,1,1,0,1
1258,CN=C(N=C(N=O)NCO)N(C)CO,1,0,0,0,0,0,1,0,1,1
1259,N=C(O)N=C(N=C(N)N)N(C=O)CN,1,0,0,0,0,0,1,0,0,1
1260,CCN(CCN)C(N=C(N)N)=NNN,1,0,0,0,0,0,1,0,1,1
1261,C=CN=C(N=C(N)N=O)N(C)C(C)=O,1,1,0,0,0,0,1,0,0,1
1262,C=CN=C(N=C(N=O)N=O)N(C)CC,1,0,0,0,0,0,1,0,0,1
1263,CN=NCN(C=O)C(=N)N=C(N)NC,1,0,0,0,0,0,1,0,0,1
1264,CC=NC(N=N)=NC(=N)N(C=O)C=O,1,0,0,0,0,0,1,0,1,1
1265,C=C(C)N(C=CO)C(=N)N=C(N)N=O,1,0,0,0,0,0,1,0,0,1
1266,CCC(N)N(C=O)C(N=C(N)N)=NC,1,0,0,0,0,0,1,0,1,1
1267,CNC(N=O)=NC(=NC=N)N(C)CO,1,0,0,0,0,0,1,0,1,1
1268,C=CN(C(=C)CO)C(=N)N=C(N)N=O,1,1,0,0,0,0,1,0,0,1
1269,NCN(C=O)C(N=C(N)N)=NC(O)O,1,0,0,0,0,0,1,0,1,1
1270,CN=C(N=C(N)NN)N(C=O)C(C)N,1,0,0,0,0,0,1,0,1,1
1271,C=C=CN=C(N=C(N=O)NO)N(C)C,1,1,0,0,0,0,1,1,0,1
1272,NCN(C=O)C(N=C(N)N)=NC(N)O,1,0,0,0,0,0,1,0,1,1
1273,C=CN=C(N=C(N)N=O)N(CC)CO,1,0,0,0,0,0,1,1,0,1
1274,C=CN=C(N=C(N=O)NC)N(C)CO,1,0,0,0,0,0,1,0,0,1
1275,NCN(C=O)C(N=C(N)NO)=NCO,1,0,0,0,0,0,1,0,1,1
1276,C=CC(=C)N(C=C)C(=N)N=C(N)N=O,1,1,0,0,0,0,1,0,0,1
1277,C=CN=C(N=C(N)N=O)N(CC)CC,1,0,0,0,0,0,1,1,0,1
1278,C=NC(=NC(=N)N(C=O)CO)N(C)O,1,0,0,0,0,0,1,0,0,1
1279,C=CN=C(N=C(N=O)NC)N(C)CC,1,0,0,0,0,0,1,0,0,1
1280,CN=C(N=C(N=O)N(C)O)N(C)CO,1,0,0,0,0,0,1,0,0,1
1281,C=CN(C)C(N=C(N=O)N(C)O)=NC,1,0,0,0,0,0,1,1,0,1
1282,CN=C(N=C(N=O)NC)N(C)C(=O)O,1,0,0,0,0,0,1,1,0,1
1283,CN=C(N=C(N=O)NCN)N(C)CO,1,0,0,0,0,0,1,0,1,1
1284,CN(CCNN)C(N=C(N)N)=NNN,1,0,0,0,0,0,1,0,0,1
1285,CN=C(N=C(N)NC)N(C=O)CN=N,1,0,0,0,0,0,1,0,1,1
1286,C=NNC(N=C)=NC(=NO)N(C)C=N,1,0,0,0,0,0,1,0,0,1
1287,C=NC(=NC(=N)N(C)CC=N)NOO,1,0,0,0,0,0,1,0,1,1
1288,C=CN(C(=C)C=O)C(=N)N=C(N)N=O,1,1,0,0,0,0,1,0,0,1
1289,CNC(N=N)=NC(=N)N(C=O)CN=N,1,0,0,0,0,0,1,0,0,1
1290,N=C(N=C(N)NN=O)N(CN)C(N)O,1,0,0,0,0,0,0,0,1,1
1291,C=NC(=NC(=N)N(C)C(C)O)N(C)O,1,0,0,0,0,0,1,0,0,1
1292,C=CN(C(=C)C)C(=N)N=C(N=O)N=O,1,1,0,0,0,0,1,1,0,1
1293,CN=C(N=C(N)N)N(C=O)C(N)CO,1,0,0,0,0,0,1,0,1,1
1294,CC(N)N(CN)C(=N)N=C(N)NN=O,1,0,0,0,0,0,0,0,1,1
1295,CCNC(N)=NC(=N)N(C=O)CN=N,1,0,0,0,0,0,1,0,0,1
1296,CCN=C(N=C(N=O)N(C)O)N(C)C,1,0,0,0,0,0,1,0,0,1
1297,NN=C(N=C(N)N)N(C=O)CC(N)N,1,1,0,0,0,0,1,0,1,1
1298,CNC(N=O)=NC(=N)N(C=O)CN=N,1,0,0,0,0,0,1,0,0,1
1299,C=NC(=NC(=NO)N(C)C)NN=C=N,1,0,0,0,0,0,1,0,0,1
1300,C=NC(N)=NC(=NC)N(C=O)C=NO,1,0,0,0,0,0,1,0,0,1
1301,C=CN(C(=C)C)C(N=C(N)N=O)=NC,1,0,0,0,0,0,1,0,0,1
1302,C=NC(N)=NC(=NN)N(C=O)CCN,1,1,0,0,0,0,1,0,0,1
1303,C=NCCN(C=O)C(N=C(N)N)=NN,1,1,0,0,0,0,1,0,1,1
1304,C=NNC(N=C)=NC(=NO)N(C)C=O,1,1,0,0,0,0,1,0,0,1
1305,C=CN=C(N=C(N=O)NO)N(C)CN,1,0,0,0,0,0,1,0,0,1
1306,C=NC(=NC(=N)N(C)C(=C)O)N(C)O,1,0,0,0,0,0,1,0,0,1
1307,CC(N)N(C=O)C(N=C(N)N)=NCO,1,0,0,0,0,0,1,0,1,1
1308,C=NC(=NC(=N)N(C)CO)N(O)CN,1,0,0,0,0,0,1,0,0,1
1309,C=NC(=NC(=N)N(C)C(=C)C=N)NO,1,1,0,0,0,0,0,1,0,1
1310,C=C(C)N=C(N=C(N=O)NO)N(C)C,1,0,0,0,0,0,1,1,0,1
1311,C=CN=C(N=C(N=C)N=O)N(C)CC,1,0,0,0,0,0,1,0,0,1
1312,CC(=N)N(CO)C(=N)N=C(NO)NO,1,0,0,0,0,0,1,0,0,1
1313,C=NNC(N=C)=NC(=NO)N(C)CC,1,0,0,0,0,0,1,0,0,1
1314,CN(CC=N)C(=N)N=C(N=C=N)NO,1,0,0,0,0,0,1,1,0,1
1315,C=NC(N)=NC(=N)N(C=C=O)C(O)O,1,0,0,0,0,0,1,0,0,1
1316,C=NNC(N=C=N)=NC(=NO)N(C)C,1,1,0,0,0,0,1,0,0,1
1317,NN=C(N=C(N)N)N(C=O)CCNO,1,1,0,0,0,0,1,0,1,1
1318,C=NC(=NC(=N)N(C)C)N(O)N=C=O,1,0,0,0,0,0,1,0,0,1
1319,C=CN(C(=N)N=C(N)N=O)C(C)=CO,1,0,0,0,0,0,1,0,0,1
1320,C=NC(N)=NC(=NC)N(C=O)C(C)N,1,0,0,0,0,0,1,0,1,1
1321,C=NC(=NC(=NO)N(C)CC=N)NO,1,1,0,0,0,0,0,1,1,1
1322,C=CN=C(N=C(N)N=O)N(C=O)CC,1,1,0,0,0,0,1,1,0,1
1323,C=C(O)N=C(N=C(N)N)N(C=O)CN,1,0,0,0,0,0,1,0,0,1
1324,C=NC(N=C)=NC(=NC)N(C)C=NO,1,0,0,0,0,0,1,0,0,1
1325,CN(CCN=O)C(N=C(N)N)=NNN,1,0,0,0,0,0,1,0,1,1
1326,C=NN=C(N=C(N)N)N(C=O)CCN,1,0,0,0,0,0,1,0,1,1
1327,CN=C(N=C(N)NO)N(C=O)C(C)N,1,1,0,0,0,0,1,0,1,1
1328,C=NC(N=O)=NC(=NC)N(C)C=NO,1,1,0,0,0,0,1,0,0,1
1329,NN=C(N=C(N)N)N(C=O)CC(N)O,1,0,0,0,0,0,1,0,1,1
1330,NCN(C=O)C(N=C(N)N)=NC(=O)O,1,0,0,0,0,0,1,0,0,1
1331,N=C(N)CN(C=O)C(N=C(N)N)=NN,1,0,0,0,0,0,1,0,0,1
1332,C=NC(N)=NC(=NCO)N(C=O)CN,1,0,0,0,0,0,1,0,1,1
1333,C=C(O)N=C(N=C(N)N=O)N(C)CC,1,0,0,0,0,0,1,1,0,1
1334,CN(N)C(N)=NC(=N)N(C=O)CN=N,1,0,0,0,0,0,1,0,1,1
1335,C=NC(=NC(=N)N(C)CO)N(C)OO,1,0,0,0,0,0,1,0,0,1
1336,CN=C(N=C(N=O)NC=N)N(C)CO,1,0,0,0,0,0,1,0,0,1
1337,C=CN=C(N=C(N=O)NO)N(C)C=C,1,0,0,0,0,0,1,1,0,1
1338,NCCN(CO)C(N=C(N)N)=NNN,1,0,0,0,0,0,1,0,1,1
1339,C=CN=C(N=C(N)N=O)N(C=C)CC,1,0,0,0,0,0,1,0,0,1
1340,CNN=C(N=C(N)N)N(C=O)CCN,1,0,0,0,0,0,1,0,1,1
1341,C=NC(=NC(=NO)N(C)C)NN=CC,1,0,0,0,0,0,1,0,0,1
1342,CN=C(N=C(N)N)N(C=C=O)C(O)O,1,0,0,0,0,0,1,0,0,1
1343,C=CN(C(C)=N)C(=N)N=C(NO)NO,1,0,0,0,0,0,1,0,0,1
1344,C=NC(=NC(=NC)N(C)C)NN=C=O,1,0,0,0,0,0,1,0,0,1
1345,C=CN(CO)C(=N)N=C(N=C)N(C)O,1,0,0,0,0,0,1,0,0,1
1346,C=CN=C(N=C(N=O)NN)N(C)CC,1,0,0,0,0,0,1,0,0,1
1347,C=NC(=NC(=N)N(C)CC=N)NON,1,0,0,0,0,0,1,0,1,1
1348,CN(O)C(N)=NC(=N)N(C=O)CN=N,1,0,0,0,0,0,1,1,0,1
1349,C=NC(N)=NC(=NC)N(C=NO)CC,1,0,0,0,0,0,1,0,0,1
1350,C=C(O)N(C)C(N=C(N=O)NC)=NC,1,0,0,0,0,0,1,0,0,1
1351,CN=C(N=C(N=O)NC)N(C)C(=N)O,1,0,0,0,0,0,1,1,0,1
1352,C=NC(=NC(=N)N(C)C=O)NN=C=O,1,0,0,0,0,0,1,0,0,1
1353,CN(CCN)C(N=C(N)N=O)=NNN,1,0,0,0,0,0,1,0,1,1
1354,C=CN(C(=C)CC)C(=N)N=C(N)N=O,1,0,0,0,0,0,0,0,0,1
1355,C=NC(=NC(=N)N(C)CC=N)N(O)O,1,0,0,0,0,0,1,0,0,1
1356,C=NC(=NC(=N)N(C=O)CC=N)NO,1,0,0,0,0,0,1,1,0,1
1357,C=CN=C(N=C(N)N=O)N(C)C(=C)C,1,1,0,0,0,0,1,0,0,1
1358,C=CN=C(N=C(N)N)N(C=O)C(C)N,1,0,0,0,0,0,1,0,0,1
1359,CN(CC(=N)N)C(N=C(N)N)=NNN,1,0,0,0,0,0,1,0,0,1
1360,C=NC(=NC(=N)N(C)C(N)O)N(C)O,1,0,0,0,0,0,1,0,1,1
1361,C=NC(=NC(=N)N(C)CO)N(O)CO,1,0,0,0,0,0,1,0,0,1
1362,CN=C(N=C(N)N=O)N(C=O)C(C)N,1,1,0,0,0,0,1,0,1,1
1363,C=NNC(N=C=O)=NC(=NO)N(C)C,1,1,0,0,0,0,1,1,0,1
1364,C=NC(N=N)=NC(=N)N(C=O)C(C)=O,1,0,0,0,0,0,1,0,0,1
1365,C=NC(=NC(=N)N(C)CC(=N)O)NO,1,0,0,0,0,0,1,1,0,1
1366,C=CN(C(=N)N=C(N)N=O)C(C)=C=N,1,1,0,0,0,0,0,1,0,1
1367,N=C(N=C(N)N=O)N(C=C=O)C(O)O,1,0,0,0,0,0,1,0,0,1
1368,CNCCN(C)C(N=C(N)N)=NNN,1,0,0,0,0,0,1,0,1,1
1369,C=CN=C(N=C(N=N)N=O)N(C)CC,1,0,0,0,0,0,1,1,0,1
1370,C=CN(C(=C)C)C(=N)N=C(N=O)NO,1,0,0,0,0,0,1,0,0,1
1371,C=CN(C)C(=N)N=C(N=C)NN=C=O,1,0,0,0,0,0,1,0,0,1
1372,CC(N)N(C=O)C(N=C(N)N)=NCN,1,0,0,0,0,0,1,0,0,1
1373,C=NNC(N=C)=NC(=NO)N(C)CO,1,0,0,0,0,0,1,0,1,1
1374,C=CNC(N)=NC(=N)N(C=O)CN=N,1,0,0,0,0,0,1,0,0,1
1375,C=CN(C(=C)C)C(N=C(N)N=O)=NN,1,1,0,0,0,0,1,0,0,1
1376,CN=C(N=C(N)N=C=N)N(C)C=NO,1,1,0,0,0,0,1,1,0,1
1377,C=NNC(N=CC)=NC(=NO)N(C)C,1,1,0,0,0,0,1,0,0,1
1378,CN=C(N=C(N)N)N(C=O)C(N)CN,1,0,0,0,0,0,1,0,1,1
1379,C=NC(N)=NC(=NC)N(C=N)C=NO,1,0,0,0,0,0,1,0,0,1
1380,C=NC(=NC(=NC)N(C)C=NO)NN,1,0,0,0,0,0,1,0,0,1
1381,C=C(C)N(C=CN)C(=N)N=C(N)N=O,1,0,0,0,0,0,1,0,0,1
1382,C=CN=C(N=C(N)N=O)N(C)CCO,1,0,0,0,0,0,1,0,0,1
1383,C=C=NC(=NC(=N)N(C)CC=N)NO,1,0,0,0,0,0,1,1,0,1
1384,COCN=C(N=C(N)N)N(C=O)CN,1,0,0,0,0,0,1,0,0,1
1385,C=CN(C(=C)CN)C(=N)N=C(N)N=O,1,0,0,0,0,0,1,0,1,1
1386,CN(C)C(=N)N=C(N=C=N)NN=C=O,1,0,0,0,0,0,1,0,0,1
1387,CCN=C(N=C(N)N)N(C=O)C(C)N,1,0,0,0,0,0,1,0,1,1
1388,C=NC(=NC(=NO)N(C)C)NN=CN,1,1,0,0,0,0,1,0,0,1
1389,CN=C(N=C(N=O)NC)N(C)C(O)O,1,0,0,0,0,0,1,0,0,1
1390,C=C=NNC(N=C)=NC(=NO)N(C)C,1,0,0,0,0,0,1,0,0,1
1391,COC(O)N(C=C=O)C(=N)N=C(N)N,1,0,0,0,0,0,1,0,1,1
1392,C=CN(CC=N)C(=N)N=C(N=C)NO,1,0,0,0,0,0,1,0,0,1
1393,C=NC(=NC(=NO)N(C)C)NN=CO,1,0,0,0,0,0,1,0,0,1
1394,C=CN(C(=C)C)C(=N)N=C(N=O)NC,1,0,0,0,0,0,1,0,0,1
1395,C=CN=C(N=C(N)N=O)N(C)C(C)=N,1,1,0,0,0,0,1,1,0,1
1396,COCN(C(=N)N=C(N)NN)C(C)=O,1,0,0,0,0,0,1,0,0,1
1397,C=NC(=NC(=N)N(C)C(=O)O)N(C)O,1,0,0,0,0,0,1,0,0,1
1398,C=NC(=NC(=N)N(CO)C(C)=O)NN,1,0,0,0,0,0,1,0,0,1
1399,CCN=C(N=C(N=O)NC)N(C)CO,1,0,0,0,0,0,1,0,1,1
1400,N=NCN(C=O)C(=N)N=C(N)NCO,1,0,0,0,0,0,1,0,1,1
1401,NCCN(C=O)C(N=C(N)NO)=NN,1,0,0,0,0,0,0,0,0,1
1402,C=CN=C(N=C(N)N=C)N(C)C=NO,1,1,0,0,0,0,1,0,0,1
1403,C=NC(N)=NC(=NCC)N(C)C=NO,1,0,0,0,0,0,1,0,0,1
1404,CN=C(N=C(N=O)N(C)OO)N(C)C,1,0,0,0,0,0,1,0,0,1
1405,C=C=NC(=NC(=N)N(C)CO)N(C)O,1,0,0,0,0,0,1,0,0,1
1406,NCN(C=O)C(N=C(N)N)=NCON,1,0,0,0,0,0,1,0,0,1
1407,C=CN=C(N=C(N)N=O)N(C)C(C)N,1,0,0,0,0,0,1,0,0,1
1408,C=NC(N=NC)=NC(=N)N(C=O)C=O,1,0,0,0,0,0,1,0,0,1
1409,C=C(C)N(C=C=N)C(=N)N=C(N)N=O,1,0,0,0,0,0,1,0,0,1
1410,CC(=N)N(C)C(=N)N=C(NO)N(C)O,1,0,0,0,0,0,1,1,0,1
1411,C=CN(C(=C)C)C(=N)N=C(N=N)N=O,1,1,0,0,0,0,1,1,0,1
1412,C=CN=C(N=C(N)N=O)N(CC)CN,1,0,0,0,0,0,1,0,0,1
1413,CNC(N)=NC(=NCO)N(C=O)CN,1,0,0,0,0,0,1,0,1,1
1414,CN(CC=N)C(=N)N=C(N=C=O)NO,1,0,0,0,0,0,1,1,0,1
1415,N=C(N=C(N)NN)N(CO)C(=O)C=O,1,0,0,0,0,0,1,0,1,1
1416,CN=C(N=C(N)NC)N(C=O)C(C)N,1,0,0,0,0,0,1,0,1,1
1417,C=NC(N)=NC(=NC)N(C)C=NOO,1,0,0,0,0,0,1,0,1,1
1418,CN=C(N=C(N=O)NC)N(C)C(N)O,1,0,0,0,0,0,1,0,1,1
1419,C=CC(=N)N(C)C(=N)N=C(NO)NO,1,0,0,0,0,0,1,1,0,1
1420,C=C=CN=C(N=C(N)N=O)N(C)CC,1,0,0,0,0,0,1,1,0,1
1421,CN=C(N=C(N=O)NC)N(CN)CO,1,0,0,0,0,0,1,0,1,1
1422,C=NC(=NC(=N)N(C)CC)NN=C=O,1,0,0,0,0,0,1,0,0,1
1423,CNC(=NC(=N)N(C=O)CN=N)NO,1,0,0,0,0,0,1,0,1,1
1424,C=NC(=NC(=N)N(C)C=N)NN=C=O,1,0,0,0,0,0,1,0,0,1
1425,CC(=O)N(CO)C(=N)N=C(N)NNN,1,0,0,0,0,0,1,0,1,1
1426,C=CN=C(N=C(N)N=O)N(C=N)CC,1,0,0,0,0,0,1,1,0,1
1427,C=NC(N)=NC(=NC)N(C=NO)CO,1,0,0,0,0,0,1,0,1,1
1428,C=NC(=NC(=NC)N(C)CC=N)NO,1,1,0,0,0,0,1,1,0,1
1429,C=NNC(N=CO)=NC(=NO)N(C)C,1,1,0,0,0,0,1,0,0,1
1430,C=NC(=NC(=N)N(CN)CC=N)NO,1,0,0,0,0,0,1,1,0,1
1431,CCC(=O)N(CO)C(=N)N=C(N)NN,1,0,0,0,0,0,1,0,0,1
1432,CN=C(N=C(N=O)NC)N(C)CON,1,0,0,0,0,0,1,0,0,1
1433,CC=CN=C(N=C(N=O)NO)N(C)C,1,0,0,0,0,0,1,1,0,1
1434,CN=C(N=C(N)NN=O)N(CN)CN,1,0,0,0,0,0,1,0,1,1
1435,NN=C(N=C(N)N)N(C=O)CCN=O,1,0,0,0,0,0,1,0,1,1
1436,CNC(=NC(=N)N(C=O)CN=N)NC,1,0,0,0,0,0,1,0,1,1
1437,C=NC(=NC(=N)N(C)CO)N(C)OC,1,0,0,0,0,0,1,0,0,1
1438,N=C=NC(N=N)=NC(=N)N(C=O)C=O,1,0,0,0,0,0,1,1,0,1
1439,C=C=NC(N=N)=NC(=N)N(C=O)C=O,1,0,0,0,0,0,1,0,0,1
1440,N=NC(N)=NC(=NN)N(C=O)CCN,1,0,0,0,0,0,1,0,0,1
1441,NCN(C=O)C(N=C(N)N)=NCOO,1,0,0,0,0,0,1,0,0,1
1442,NCCN(CN)C(N=C(N)N)=NNN,1,0,0,0,0,0,1,0,0,1
1443,CCN(C)C(N=C(N=O)N(C)O)=NC,1,0,0,0,0,0,1,1,0,1
1444,CN(C)C(=N)N=C(N=CO)NN=C=O,1,0,0,0,0,0,1,1,0,1
1445,C=NC(=NC(=NC)N(C)CO)N(C)O,1,0,0,0,0,0,1,0,0,1
1446,C=C(N)N=C(N=C(N=O)NO)N(C)C,1,0,0,0,0,0,1,0,0,1
1447,CN(C)C(=NC=O)N=C(N=O)N(C)O,1,0,0,0,0,0,1,0,0,1
1448,C=NC(N=N)=NC(=N)N(C=O)C(=O)O,1,0,0,0,0,0,1,0,0,1
1449,N=C(N=C(N)NN=O)N(CN)C(N)N,1,0,0,0,0,0,0,0,0,1
1450,N=CNC(N)=NC(=N)N(C=O)CN=N,1,0,0,0,0,0,1,0,0,1
1451,CNC(N=O)=NC(=NCO)N(C)CO,1,0,0,0,0,0,1,0,1,1
1452,CNC(N)=NC(=N)N(C=O)CN=NN,1,1,0,0,0,0,1,0,0,1
1453,CN=C(N=C(N=O)N(C)O)N(C)C=O,1,0,0,0,0,0,1,0,0,1
1454,CC(=O)N(CO)C(=N)N=C(NN)NN,1,0,0,0,0,0,1,0,1,1
1455,CN(CCNO)C(N=C(N)N)=NNN,1,0,0,0,0,0,1,0,1,1
1456,CNC(=NC(=N)N(C=O)CN=N)NN,1,0,0,0,0,0,1,0,1,1
1457,C=NC(=NC(=N)N(CO)CC=N)NO,1,0,0,0,0,0,1,0,1,1
1458,C=NC(N=NN)=NC(=N)N(C=O)C=O,1,0,0,0,0,0,1,0,0,1
1459,NC(N)=NC(=NCO)N(C=O)CN=O,1,0,0,0,0,0,1,0,0,1
1460,CC(=O)N(CO)C(=N)N=C(N)NN=O,1,0,0,0,0,0,1,0,1,1
1461,C=C(N)N(CN)C(=N)N=C(N)NN=O,1,0,0,0,0,0,1,0,1,1
1462,C=NC(=NC(=NO)N(C)C)N(O)N=C,1,0,0,0,0,0,1,0,0,1
1463,CN(CCN=N)C(N=C(N)N)=NNN,1,0,0,0,0,0,1,0,0,1
1464,C=NC(=NC(=N)N(C)CN)NN=C=O,1,0,0,0,0,0,1,0,0,1
1465,C=C=CN(C(=C)C)C(=N)N=C(N)N=O,1,0,0,0,0,0,1,0,0,1
1466,C=C(C)N(C(=C)O)C(=N)N=C(N)N=O,1,0,0,0,0,0,1,0,0,1
1467,CC(=O)N(CO)C(=N)N=C(N)N(N)O,1,0,0,0,0,0,1,0,1,1
1468,CN=C(N=C(N)N=C=O)N(C)C=NO,1,0,0,0,0,0,1,1,0,1
1469,CN(CCN)C(N=C(N)NN)=NNN,1,0,0,0,0,0,1,0,1,1
1470,C=NC(=NC(=N)N(C)C(=N)C=N)NO,1,0,0,0,0,0,1,1,0,1
1471,C=NC(=NC(=N)N(CN)CN)NN=O,1,0,0,0,0,0,1,0,0,1
1472,C=NC(=NC(=N)N(C)C(=O)C=N)NO,1,0,0,0,0,0,1,0,0,1
1473,C=NC(=NC(=N)N(C)CC(=N)N)NO,1,0,0,0,0,0,1,0,0,1
1474,C=CN=C(N=C(N=O)NOC)N(C)C,1,0,0,0,0,0,1,0,0,1
1475,CN=C(N=C(N=O)N(C)OC)N(C)C,1,0,0,0,0,0,1,0,0,1
1476,C=C(C)N(C=C=O)C(=N)N=C(N)N=O,1,0,0,0,0,0,1,0,0,1
1477,CCN(CO)C(N=C(N=O)NC)=NC,1,0,0,0,0,0,1,0,0,1
1478,C=CN(C(=C)C)C(=N)N=C(N=C)N=O,1,1,0,0,0,0,1,0,0,1
1479,CC=NC(N)=NC(=NC)N(C)C=NO,1,0,0,0,0,0,1,0,0,1
1480,N=NN=C(N=C(N)N)N(C=O)CCN,1,0,0,0,0,0,1,0,1,1
1481,C=NC(N=N)=NC(=NC)N(C=O)C=O,1,0,0,0,0,0,1,0,0,1
1482,NCCN(C=O)C(N=C(N)N)=NN=O,1,1,0,0,0,0,1,0,1,1
1483,CNNN=C(N=C(N)N)N(C)CCN,1,0,0,0,0,0,1,0,1,1
1484,CN(C)C(=N)N=C(N=C=O)NN=C=O,1,0,0,0,0,0,1,0,0,1
1485,C=CC(=O)N(CO)C(=N)N=C(N)NN,1,0,0,0,0,0,1,0,1,1
1486,CNC(N)=NC(=N)N(CN=N)C(C)=O,1,0,0,0,0,0,1,0,1,1
1487,C=NC(=NC(=NC)N(C)C=NO)NC,1,0,0,0,0,0,1,0,0,1
1488,C=CN(C(=N)N=C(N)N=O)C(C)=CN,1,1,0,0,0,0,1,0,0,1
1489,CN=C(N=C(N=O)NC)N(C=N)CO,1,0,0,0,0,0,1,0,1,1
1490,CC(=NN)N(C)C(=N)N=C(NO)NO,1,0,0,0,0,0,1,0,0,1
1491,C=CN(O)C(N=O)=NC(=NC)N(C)C,1,0,0,0,0,0,1,0,0,1
1492,C=NC(N)=NC(=NC=O)N(C)C=NO,1,0,0,0,0,0,1,0,0,1
1493,N=NC(N=CO)=NC(=N)N(C=O)C=O,1,0,0,0,0,0,1,1,1,1
1494,CC(=O)N(C(=N)N=C(N)NN)C(=O)O,1,0,0,0,0,0,1,0,0,1
1495,CC(=O)N(CO)C(=N)N=C(N)NNO,1,0,0,0,0,0,1,0,1,1
1496,NCN(C=O)C(N=C(N)N=O)=NCO,1,0,0,0,0,0,1,0,1,1
1497,CN=C(N=C(N=O)N(O)CO)N(C)C,1,0,0,0,0,0,1,0,1,1
1498,CC(=N)N(C)C(=N)N=C(NO)N(N)O,1,0,0,0,0,0,1,0,0,1
1499,CC=NC(=NC(=N)N(C)CO)N(C)O,1,1,0,0,0,0,1,0,0,1
1500,C=NC(=NC(=N)N(C)C(O)O)N(C)O,1,0,0,0,0,0,1,0,0,1
1501,NN=C(N=C(N)N)N(C=C=O)C(O)O,1,0,0,0,0,0,1,0,0,1
1502,C=C=NC(=NC(=NO)N(C)C)NN=C,1,0,0,0,0,0,1,0,0,1
1503,C=NC(N)=NC(=NCN)N(C)C=NO,1,0,0,0,0,0,1,0,0,1
1504,C=NC(N=N)=NC(=NO)N(C=O)C=O,1,1,0,0,0,0,1,0,1,1
1505,CN(O)C(N=CO)=NC(=N)N(C)CO,1,0,0,0,0,0,1,0,0,1
1506,NCN(CN)C(N=C(N)NN=O)=NO,1,0,0,0,0,0,1,0,0,1
1507,C=C(CN)N(C=O)C(N=C(N)N)=NN,1,1,0,0,0,0,1,0,0,1
1508,C=CC(N)N(C=O)C(N=C(N)N)=NC,1,0,0,0,0,0,1,0,0,1
1509,C=C(C)N(C(=C)C)C(=N)N=C(N)N=O,1,0,0,0,0,0,1,0,0,1
1510,N=NC(N=C=O)=NC(=N)N(C=O)C=O,1,0,0,0,0,0,1,1,0,1
1511,C=C(N)N=C(N=C(N)N=O)N(C)CC,1,0,0,0,0,0,1,0,0,1
1512,C=NC(=NC(=N)N(C)CC=N)NOC,1,0,0,0,0,0,1,0,0,1
1513,NCCN(C=O)C(N=C(N)N=O)=NN,1,1,0,0,0,0,1,0,1,1
1514,CC(=N)N(C)C(=N)N=C(NO)N(O)O,1,1,0,0,0,0,1,1,0,1
1515,C=NC(N)=NC(=NC)N(C=NO)CN,1,0,0,0,0,0,1,0,1,1
1516,C=NNC(N=C)=NC(=NO)N(C)CN,1,1,0,0,0,0,1,0,1,1
1517,NC(N)=NC(=NCO)N(C=O)CNO,1,0,0,0,0,0,1,0,1,1
1518,C=CN(C(=C)C)C(=N)N=C(N=O)NN,1,0,0,0,0,0,1,0,0,1
1519,CC(=N)N(C=O)C(=N)N=C(NO)NO,1,1,0,0,0,0,1,1,0,1
1520,CC(=N)N(CN)C(=N)N=C(NO)NO,1,0,0,0,0,0,1,0,1,1
1521,CN=C(N=C(N=O)N(O)C=O)N(C)C,1,1,0,0,0,0,1,1,0,1
1522,CC=NC(=NC(=N)N(C)CC=N)NO,1,0,0,0,0,0,1,0,0,1
1523,C=NC(N=N)=NC(=NC)N(C)C=NO,1,0,0,0,0,0,1,0,0,1
1524,N=C(N=C(N)NN=O)N(CN)CN=O,1,0,0,0,0,0,1,0,0,1
1525,CNC(N)=NC(=N)N(C=O)C(C)N=N,1,0,0,0,0,0,1,0,0,1
1526,CN(CC(N)N)C(N=C(N)N)=NNN,1,0,0,0,0,0,1,0,1,1
1527,C=C(O)N=C(N=C(N=O)NO)N(C)C,1,0,0,0,0,0,1,1,0,1
1528,C=CN(C(=C)C=N)C(=N)N=C(N)N=O,1,1,0,0,0,0,1,0,0,1
1529,CCNC(N=O)=NC(=NC)N(C)CO,1,0,0,0,0,0,1,0,0,1
1530,N=CN(CCN)C(N=C(N)N)=NNN,1,0,0,0,0,0,1,0,0,1
1531,C=C(N)CN(C=O)C(N=C(N)N)=NN,1,0,0,0,0,0,1,0,0,1
1532,CN(C(N=C(N)N)=NNN)C(O)CN,1,0,0,0,0,0,1,0,1,1
1533,C=NC(=NC(=NC)N(C)C=NO)NO,1,0,0,0,0,0,1,0,0,1
1534,C=NC(=NC(=N)N(C)CO)N(O)C=O,1,0,0,0,0,0,1,0,0,1
1535,CC(=O)N(CCN)C(N=C(N)N)=NN,1,1,0,0,0,0,1,0,1,1
1536,CNC(N)=NC(=N)N(C=O)C(O)N=N,1,0,0,0,0,0,1,0,1,1
1537,C=NC(=NC(=N)N(CO)CO)N(C)O,1,0,0,0,0,0,1,0,1,1
1538,CN=C(N=C(N)N)N(C=O)C(N)C=N,1,0,0,0,0,0,1,0,1,1
1539,C=NC(=NC(=N)N(C)C(O)C=N)NO,1,0,0,0,0,0,1,1,0,1
1540,C=CN=C(N=C(N=O)NOO)N(C)C,1,0,0,0,0,0,1,0,0,1
1541,C=CN=C(N=C(N=O)NO)N(C)C=N,1,0,0,0,0,0,1,1,0,1
1542,N=C(N=C(N)NN)N(C=C=O)C(O)O,1,0,0,0,0,0,1,0,1,1
1543,C=CN=C(N=C(N=O)N(N)O)N(C)C,1,0,0,0,0,0,1,0,0,1
1544,CN(CC(N)=O)C(N=C(N)N)=NNN,1,0,0,0,0,0,1,0,1,1
1545,CN=C(N=C(N=O)N(C)ON)N(C)C,1,0,0,0,0,0,1,0,0,1
1546,CN=C(N=C(N=O)NC=O)N(C)CO,1,0,0,0,0,0,1,0,1,1
1547,C=NC(=NC(=NO)N(C)C)N(N)N=C,1,0,0,0,0,0,1,0,0,1
1548,CCN(C)C(N=C(N)N=O)=NC=C=N,1,0,0,0,0,0,1,1,0,1
1549,C=NC(=NC(=N)N(C)CC=NN)NO,1,0,0,0,0,0,1,0,0,1
1550,CN=C(N=C(N)N=CN)N(C)C=NO,1,0,0,0,0,0,1,0,0,1
1551,C=CN(O)C(N=C)=NC(=N)N(C)CO,1,0,0,0,0,0,1,0,0,1
1552,CN=C(N=C(N=O)N(C)O)N(C)CN,1,0,0,0,0,0,1,0,1,1
1553,C=NC(=NC(=N)N(CN)CO)N(C)O,1,0,0,0,0,0,1,0,1,1
1554,CCN(C(C)=N)C(=N)N=C(NO)NO,1,0,0,0,0,0,1,0,0,1
1555,CC(=O)N(CO)C(=N)N=C(N)NN=N,1,0,0,0,0,0,0,0,1,1
1556,C=NC(N=N)=NC(=N)N(C=O)C(N)=O,1,0,0,0,0,0,1,0,0,1
1557,N=C(N=C(N)NN)N(CO)C(=O)CO,1,0,0,0,0,0,1,0,1,1
1558,CN(C(=N)C=O)C(=N)N=C(NO)NO,1,0,0,0,0,0,1,1,0,1
1559,C=NC(=NC(=NN)N(C)CC=N)NO,1,0,0,0,0,0,1,0,1,1
1560,NCN(CN)C(N=C(N)NN=O)=NN,1,0,0,0,0,0,1,0,0,1
1561,C=CN(C)C(N=C(N=C)NN=C)=NO,1,1,0,0,0,0,1,0,0,1
1562,C=NC(=NC(=N)N(C)CC(C)=N)NO,1,0,0,0,0,0,1,0,0,1
1563,CN(C)C(=NC=N)N=C(N=O)N(C)O,1,1,0,0,0,0,1,0,0,1
1564,NCCN(C(N)=O)C(N=C(N)N)=NN,1,1,0,0,0,0,1,0,0,1
1565,CN(C(=N)CO)C(=N)N=C(NO)NO,1,0,0,0,0,0,1,0,0,1
1566,CC=CN=C(N=C(N)N=O)N(C)CC,1,0,0,0,0,0,1,1,0,1
1567,C=NCCN(C)C(N=C(N)N)=NNN,1,1,0,0,0,0,1,0,0,1
1568,C=NC(=NC(=N)N(C)CC=NO)NO,1,0,0,0,0,0,1,1,0,1
1569,NN=C(N=C(N)N)N(C=O)CC(N)=O,1,1,0,0,0,0,1,0,0,1
1570,N=C(N=C(N)NN)N(CO)C(=O)CN,1,0,0,0,0,0,1,0,1,1
1571,CN=C(N=C(N)N=CO)N(C)C=NO,1,0,0,0,0,0,1,0,0,1
1572,C=NC(=NC(=N)N(C)COO)N(C)O,1,0,0,0,0,0,1,0,0,1
1573,C=NNN=C(N=C(N)N)N(C)CCN,1,0,0,0,0,0,1,0,0,1
1574,C=NNC(N=C)=NC(=NOC)N(C)C,1,0,0,0,0,0,1,0,0,1
1575,CN(CCN)C(N=C(N)N)=NN(N)N,1,0,0,0,0,0,1,0,0,1
1576,CNC(=NC(=N)N(CO)C(C)=O)NN,1,0,0,0,0,0,1,0,1,1
1577,CC(=N)N(C)C(N=C(NO)NO)=NO,1,0,0,0,0,0,1,1,0,1
1578,C=NNC(N=CN)=NC(=NO)N(C)C,1,1,0,0,0,0,1,1,0,1
1579,N=NCN(C=O)C(=N)N=C(N)NC=O,1,0,0,0,0,0,1,0,0,1
1580,C=NC(=NC(=NN)N(C)C)NN=C=O,1,0,0,0,0,0,1,0,0,1
1581,C=NC(N)=NC(=NC)N(C)C(O)=NO,1,0,0,0,0,0,1,0,1,1
1582,CN(O)C(N=C=O)=NC(=N)N(C)CO,1,0,0,0,0,0,1,0,0,1
1583,C=NC(N)=NC(=NC=N)N(C)C=NO,1,0,0,0,0,0,1,0,0,1
1584,CNC(N)=NC(=NN)N(C=O)CN=N,1,0,0,0,0,0,1,0,0,1
1585,C=NC(=NC(=NO)N(C)CO)N(C)O,1,0,0,0,0,0,1,0,0,1
1586,CC(=O)N(C(=N)O)C(=N)N=C(N)NN,1,0,0,0,0,0,1,0,0,1
1587,CN=C(N=C(N)N=N)N(C=O)C(C)N,1,0,0,0,0,0,1,0,1,1
1588,C=NC(N)=NC(=NCO)N(C)C=NO,1,0,0,0,0,0,1,0,1,1
1589,C=NC(=NC(=N)N(C)C(C)C=N)NO,1,0,0,0,0,0,1,1,0,1
1590,C=C(O)N(C(=N)N=C(N)NN)C(C)=O,1,0,0,0,0,0,1,0,1,1
1591,C=NC(=NC(=N)N(C)C)N(C)N=C=O,1,0,0,0,0,0,1,1,0,1
1592,CN(C)C(N)=NC(=N)N(C=O)CN=N,1,0,0,0,0,0,1,0,0,1
1593,N=C(N=C(N)N)N(C=C=O)C(N)(O)O,1,0,0,0,0,0,1,0,1,1
1594,N=C(N=C(N)NN=O)N(CN)CNN,1,0,0,0,0,0,1,0,1,1
1595,CN=C(N=C(NO)NO)N(C)C(C)=N,1,0,0,0,0,0,1,1,0,1
1596,CN(C)C(=NCN)N=C(N=O)N(C)O,1,0,0,0,0,0,1,0,0,1
1597,CNC(N)=NC(=N)N(CN=N)C(=O)O,1,0,0,0,0,0,1,0,1,1
1598,CN=C(N=C(N)N)N(C=O)C(C)NO,1,0,0,0,0,0,1,0,1,1
1599,CNC(=NC(=N)N(CN)CN)NN=O,1,0,0,0,0,0,1,0,1,1
1600,C=NC(N)=NC(=NC)N(C)C=NOC,1,0,0,0,0,0,1,0,0,1
1601,CNCN(CN)C(=N)N=C(N)NN=O,1,0,0,0,0,0,1,0,0,1
1602,NC(N)=NC(=NO)N(C=C=O)C(O)O,1,0,0,0,0,0,1,0,1,1
1603,C=C(N=N)N(C=O)C(=N)N=C(N)NC,1,0,0,0,0,0,1,0,0,1
1604,CC(=O)N(CO)C(=N)N=C(N=N)NN,1,0,0,0,0,0,1,0,1,1
1605,CN(CCN)C(N=C(N)NO)=NNN,1,0,0,0,0,0,1,0,1,1
1606,CN(C(=N)C=N)C(=N)N=C(NO)NO,1,0,0,0,0,0,1,1,0,1
1607,C=NC(N)=NC(=NC)N(C)C(C)=NO,1,0,0,0,0,0,1,0,1,1
1608,CN(CC=N)C(=N)N=C(N=CN)NO,1,0,0,0,0,0,1,1,0,1
1609,NCC(=O)N(C=O)C(N=C(N)N)=NN,1,1,0,0,0,0,1,0,1,1
1610,CN=C(N=C(N)NN)N(CO)C(C)=O,1,0,0,0,0,0,1,0,1,1
1611,CC(=O)N(CO)C(=N)N=C(NN)NO,1,0,0,0,0,0,1,0,1,1
1612,CNC(N)=NC(=N)N(C=O)C(N)N=N,1,0,0,0,0,0,1,0,1,1
1613,CCN(C)C(N=C(N)N=O)=NC=C=O,1,0,0,0,0,0,1,0,0,1
1614,CC(=O)N(CN)C(N=C(N)N)=NCO,1,0,0,0,0,0,0,0,1,1
1615,C=NC(=NC(=NO)N(C)C)N(C)N=C,1,0,0,0,0,0,1,0,0,1
1616,CCC(=N)N(C)C(=N)N=C(NO)NO,1,0,0,0,0,0,1,0,0,1
1617,CCN(C)C(N=C(N)N=O)=NC=CO,1,0,0,0,0,0,1,0,0,1
1618,N=NCCN(C=O)C(N=C(N)N)=NN,1,1,0,0,0,0,1,0,1,1
1619,C=CN(CCN)C(N=C(N)N)=NNN,1,0,0,0,0,0,1,0,0,1
1620,CC(=N)N(C)C(N=C(NO)NO)=NN,1,1,0,0,0,0,1,1,0,1
1621,N=NC(N=CN)=NC(=N)N(C=O)C=O,1,0,0,0,0,0,1,1,0,1
1622,CN=C(N=C(N=O)N(C)C)N(C)CO,1,0,0,0,0,0,1,0,1,1
1623,CN=C(N=C(N=O)N(O)C=N)N(C)C,1,0,0,0,0,0,1,0,0,1
1624,CNC(N)=NC(=NNN)N(C)CCN,1,0,0,0,0,0,1,0,1,1
1625,C=C(N)CN(C)C(N=C(N)N)=NNN,1,0,0,0,0,0,1,0,0,1
1626,NCC(O)N(C=O)C(N=C(N)N)=NN,1,0,0,0,0,0,1,0,1,1
1627,N=C(N)N(C=O)C(N=C(N)N)=NCO,1,0,0,0,0,0,1,0,1,1
1628,CN=C(N=C(N)N)N(C=O)C(C)(N)O,1,0,0,0,0,0,1,0,1,1
1629,CN(C)C(N=C(N=O)NO)=NC=CO,1,0,0,0,0,0,1,1,0,1
1630,N=CC(=O)N(CO)C(=N)N=C(N)NN,1,0,0,0,0,0,1,0,1,1
1631,CC(=C=O)N(C(=N)N=C(N)N)C(O)O,1,0,0,0,0,0,1,0,1,1
1632,C=NC(N)=NC(=NC)N(C)C=NON,1,0,0,0,0,0,1,0,1,1
1633,C=NNC(N=C)=NC(=NON)N(C)C,1,0,0,0,0,0,1,0,0,1
1634,CN(O)C(N=C=N)=NC(=N)N(C)CO,1,0,0,0,0,0,1,1,0,1
1635,NC(N)=NC(=NCO)N(C=O)C(N)N,1,0,0,0,0,0,0,0,1,1
1636,C=NC(=NC(=N)N(C)C(=N)O)N(C)O,1,0,0,0,0,0,1,1,0,1
1637,C=NC(=NC(=N)N(CC)CO)N(C)O,1,0,0,0,0,0,1,0,0,1
1638,N=C(N=C(N)N)N(C=C=O)C(O)OO,1,0,0,0,0,0,1,0,1,1
1639,C=NCN(C=O)C(N=C(N)N)=NCO,1,0,0,0,0,0,1,0,1,1
1640,CCN(C)C(N=C(N)N=O)=NC=CN,1,0,0,0,0,0,1,0,0,1
1641,CC(=O)N(CO)C(N=C(N)NN)=NN,1,0,0,0,0,0,1,0,1,1
1642,C=CN=C(N=C(N=O)NON)N(C)C,1,0,0,0,0,0,1,0,0,1
1643,CC(=N)N(C=N)C(=N)N=C(NO)NO,1,0,0,0,0,0,1,1,0,1
1644,CN(C)C(N=C(N=O)NO)=NC=C=O,1,0,0,0,0,0,1,1,0,1
1645,C=NC(C)N(C=O)C(N=C(N)N)=NC,1,0,0,0,0,0,1,0,0,1
1646,C=NC(=NC(=N)N(C)CO)N(O)CC,1,0,0,0,0,0,1,0,0,1
1647,CNC(N=O)=NC(=NC=O)N(C)CO,1,0,0,0,0,0,1,1,0,1
1648,CN=C(N=C(N)N)N(C=O)C(C)N=N,1,0,0,0,0,0,1,0,1,1
1649,N=C(N=C(N)N(N)N=O)N(CN)CN,1,0,0,0,0,0,1,0,1,1
1650,CC(=O)N(CO)C(N=C(N)NN)=NO,1,0,0,0,0,0,1,0,1,1
1651,CN(C(=N)CN)C(=N)N=C(NO)NO,1,0,0,0,0,0,1,0,1,1
1652,N=C(N=C(NN)NN=O)N(CN)CN,1,0,0,0,0,0,1,0,1,1
1653,NC(=O)N(C=O)C(N=C(N)N)=NCO,1,0,0,0,0,0,0,0,1,1
1654,N=NCN(C=O)C(N=C(N)N)=NCO,1,0,0,0,0,0,0,0,1,1
1655,CC(=O)N(CO)C(=N)N=C(N)N(N)N,1,0,0,0,0,0,1,0,1,1
1656,C=C(CN)N(C)C(N=C(N)N)=NNN,1,0,0,0,0,0,1,0,1,1
1657,N=NC(=NC(=N)N(CN)CN)NN=O,1,0,0,0,0,0,1,0,0,1
1658,CN(C(=O)CN)C(N=C(N)N)=NNN,1,0,0,0,0,0,1,0,1,1
1659,N=NC(N)=NC(=NCO)N(C=O)CN,1,0,0,0,0,0,1,0,1,1
1660,CC(=NO)N(C)C(=N)N=C(NO)NO,1,0,0,0,0,0,0,1,0,1
1661,C=NNC(N)=NC(=N)N(CO)C(C)=O,1,0,0,0,0,0,0,0,1,1
1662,CC(CN)N(C=O)C(N=C(N)N)=NN,1,0,0,0,0,0,1,0,1,1
1663,N=C(CN)N(C=O)C(N=C(N)N)=NN,1,0,0,0,0,0,1,0,1,1
1664,CNCN(C=O)C(N=C(N)N)=NCO,1,0,0,0,0,0,1,0,1,1
1665,CN(CC=N)C(=N)N=C(N=CO)NO,1,0,0,0,0,0,1,1,1,1
1666,CC(N)N(C=O)C(N=C(N)N)=NC=N,1,0,0,0,0,0,1,0,1,1
1667,CN(CC(N)O)C(N=C(N)N)=NNN,1,0,0,0,0,0,1,0,1,1
1668,C=C(C)N(C(=C)N)C(=N)N=C(N)N=O,1,0,0,0,0,0,1,0,0,1
1669,CNC(N)=NC(=N)N(C=O)C(=N)N=N,1,0,0,0,0,0,1,0,0,1
1670,CN(CCN)C(N=C(N)N)=NNN=O,1,0,0,0,0,0,1,0,0,1
1671,CN=C(N=C(N)N)N(C=O)C(C)NC,1,0,0,0,0,0,1,0,0,1
1672,N=C(N=C(N)N)N(C=C=O)C(O)(O)O,1,0,0,0,0,0,1,0,1,1
1673,C=NNC(N=C)=NC(=NOO)N(C)C,1,0,0,0,0,0,1,0,0,1
1674,CN=C(N=C(N=O)N(O)CN)N(C)C,1,0,0,0,0,0,1,0,1,1
1675,NCC(N)N(C=O)C(N=C(N)N)=NN,1,0,0,0,0,0,1,0,1,1
1676,N=C(N=C(N)N)N(C=C=O)C(O)ON,1,0,0,0,0,0,1,0,1,1
1677,CN(N=O)C(N)=NC(=N)N(CN)CN,0,0,0,0,0,0,1,0,1,1
1678,CN(C)C(N=C(N=O)NO)=NC=CN,0,1,0,0,0,0,1,1,0,1
1679,CN(CCN)C(N=C(N)N)=NN(N)O,0,0,0,0,0,0,1,0,1,1
1680,NCN(C(=O)O)C(N=C(N)N)=NCO,0,0,0,0,0,0,0,0,1,1
1681,C=NC(N=N)=NC(=NN)N(C=O)C=O,0,0,0,0,0,0,1,0,0,1
1682,C=NCN(CN)C(=N)N=C(N)NN=O,0,0,0,0,0,0,1,0,1,1
1683,CN=C(N=C(N=O)N(C)O)N(C)C=N,0,0,0,0,0,0,1,0,0,1
1684,CC(=O)N(COO)C(=N)N=C(N)NN,0,0,0,0,0,0,1,0,1,1
1685,C=NC(=NC(=N)N(C)CC=N)N(N)O,0,0,0,0,0,0,1,0,0,1
1686,C=NC(=NC(=N)N(C)CO)N(O)C=N,0,0,0,0,0,0,1,0,0,1
1687,CC(=O)N(CO)C(=N)N=C(N=O)NN,0,0,0,0,0,0,1,0,1,1
1688,CC(=O)N(CO)C(=N)N=C(N)N(C)N,0,0,0,0,0,0,1,0,1,1
1689,CN(C)C(=NCO)N=C(N=O)N(C)O,0,0,0,0,0,0,1,0,0,1
1690,CCN(O)C(N=O)=NC(=NC)N(C)C,0,0,0,0,0,0,1,0,0,1
1691,CC(=N)N(C)C(=N)N=C(NO)NOO,0,0,0,0,0,0,1,0,0,1
1692,CN(CCN)C(N=C(N)N)=NNNO,0,0,0,0,0,0,1,0,1,1
1693,CN=C(N=C(N)N)N(C=O)C(C)NN,0,0,0,0,0,0,1,0,0,1
1694,CC(=N)N(C)C(=N)N=C(NO)NON,0,0,0,0,0,0,1,1,0,1
1695,CONC(=NC(=N)N(C)C(C)=N)NO,0,0,0,0,0,0,1,0,0,1
1696,N=C(N=C(N)N(O)N=O)N(CN)CN,0,0,0,0,0,0,1,0,1,1
1697,CN=C(N=C(N)N)N(C=O)C(N)C=O,0,0,0,0,0,0,1,0,0,1
1698,CNNC(N)=NC(=N)N(CO)C(C)=O,0,0,0,0,0,0,1,0,1,1
1699,N=C(N=C(N)N)N(C(N)=C=O)C(O)O,0,0,0,0,0,0,1,0,1,1
1700,N=C(N)N(CN)C(=N)N=C(N)NN=O,0,0,0,0,0,0,1,0,1,1
1701,CN=C(N=C(N)N)N(C=O)C(C)N=O,0,0,0,0,0,0,1,0,0,1
1702,N=C(N=C(N=O)NN=O)N(CN)CN,0,0,0,0,0,0,1,0,1,1
1703,CN(O)C(N=CN)=NC(=N)N(C)CO,0,0,0,0,0,0,1,0,1,1
1704,CN=C(C)N(C)C(=N)N=C(NO)NO,0,0,0,0,0,0,1,0,1,1
1705,CN(C(N=C(N)N)=NNN)C(N)CN,0,0,0,0,0,0,1,0,0,1
1706,CN=C(N=C(N)N)N(C=O)C(C)(C)N,0,0,0,0,0,0,1,0,1,1
1707,CC(=O)N(C(=N)N=C(N)NN)C(C)O,0,0,0,0,0,0,1,0,1,1
1708,C=NC(=NC(=N)N(C)C(N)C=N)NO,0,1,0,0,0,0,1,0,0,1
1709,N=C(N=C(N)NN=O)N(CN)CNO,0,0,0,0,0,0,1,0,0,1
1710,N=NCN(CN)C(=N)N=C(N)NN=O,0,0,0,0,0,0,1,0,0,1
1711,N=C(N=C(N)NN=O)N(CN)C(N)=O,0,0,0,0,0,0,1,0,1,1
1712,N=C(N=C(N)N)N(C(O)=C=O)C(O)O,0,0,0,0,0,0,1,0,1,1
1713,C=NC(=NC(=N)N(C)CON)N(C)O,0,0,0,0,0,0,1,0,0,1
1714,C=NC(=NC(=NN)N(C)CO)N(C)O,0,0,0,0,0,0,1,0,1,1
1715,CN(C(=N)CN)C(N=C(N)N)=NNN,0,0,0,0,0,0,1,0,1,1
1716,C=NC(=NC(=N)N(C)COC)N(C)O,0,0,0,0,0,0,1,0,0,1
1717,C=NC(=NC(=N)N(C)CO)N(C)ON,0,0,0,0,0,0,1,0,0,1
1718,CN=C(N=C(N)N)N(C(=O)O)C(C)N,0,0,0,0,0,0,1,0,0,1
1719,CC(=O)N(C(=N)N=C(N)NN)C(O)O,0,0,0,0,0,0,1,0,1,1
1720,NCN(C(N)=O)C(N=C(N)N)=NCO,0,0,0,0,0,0,0,0,1,1
1721,CC(N)CN(C)C(N=C(N)N)=NNN,0,0,0,0,0,0,1,0,1,1
1722,CN(N)N=C(N=C(N)N)N(C)CCN,0,0,0,0,0,0,1,0,1,1
1723,CNC(N)=NC(=NO)N(C=O)CN=N,0,0,0,0,0,0,1,0,0,1
1724,C=NC(N)=NC(=NC)N(C)C(N)=NO,0,0,0,0,0,0,1,0,1,1
1725,CN=C(N=C(N)N)N(C(C)=O)C(C)N,0,0,0,0,0,0,1,0,0,1
1726,CN(C)C(=N)N=C(N=CN)NN=C=O,0,1,0,0,0,0,1,1,0,1
1727,CC(CN)N(C)C(N=C(N)N)=NNN,0,0,0,0,0,0,1,0,1,1
1728,CN=C(N=C(N)N)N(C(N)=O)C(C)N,0,0,0,0,0,0,1,0,1,1
1729,C=NC(=NC(=N)N(C)C)N(N)N=C=O,0,0,0,0,0,0,1,0,0,1
1730,C=NC(=NC(=N)N(C=N)CO)N(C)O,0,0,0,0,0,0,1,0,0,1
1731,CNC(N)=NC(=N)N(C=O)C(=O)N=N,0,0,0,0,0,0,1,0,0,1
1732,CN(C)C(N=C(N=O)NO)=NC=C=N,0,0,0,0,0,0,1,1,0,1
1733,CC(=O)N(CON)C(=N)N=C(N)NN,0,0,0,0,0,0,1,0,1,1
1734,NCCN(C(=O)O)C(N=C(N)N)=NN,0,0,0,0,0,0,1,0,0,1
1735,CN(CCN)C(N=C(N)N)=NNN=N,0,0,0,0,0,0,1,0,0,1
1736,CNC(N)=NC(=N)N(CN=N)C(N)=O,0,0,0,0,0,0,1,0,1,1
1737,CN=C(N=C(N)N)N(C=O)C(C)(N)N,0,0,0,0,0,0,1,0,1,1
1738,C=C(N)N(C=O)C(N=C(N)N)=NCO,0,0,0,0,0,0,1,0,1,1
1739,CN=C(N=C(N=O)N(C)N)N(C)CO,0,0,0,0,0,0,1,0,1,1
1740,N=C(N=C(NO)NN=O)N(CN)CN,0,0,0,0,0,0,1,0,1,1
1741,CC(=O)N(C(=N)N=C(N)NN)C(N)O,0,0,0,0,0,0,1,0,1,1
1742,CC(N)N(C=O)C(N=C(N)N)=NC=O,0,0,0,0,0,0,1,0,1,1
1743,CC(O)(O)N(C=C=O)C(=N)N=C(N)N,0,0,0,0,0,0,1,0,1,1
